"# Serious Injuries","# Visible Injuries","Agency Name (Crash Level) ","Date","Intersection Name (from Crash Report)","KABCO Severity","Light Conditions (Crash Level)","Location at Impact (Crash Level) ","Manner of Collision (Crash Level) ","Roadway (From Crash Report)","Surface Condition (Crash Level) ","Time","Safety Equipment (Crash Level) ","Weather Conditions (Crash Level)","# of Fatalities per Crash","Latitude","Longitude","Geolocated City","Geolocated County","First Harmful Event (Unit Order)","Operator/Pedestrian Contrib Factor (excl None, Other, No Contrib Factors)","Most Harmful Event (Crash Level)"
0,0,"Atlanta Police Department","02/28/2023","North Ave Nw and W Peachtree St Nw","(C) Possible Injury / Complaint","Daylight","On Roadway - In Crosswalk","Not a Collision with Motor Vehicle","W Peachtree St Nw","Dry","16:20:00","[""Lap and Shoulder Belt Used"",""None Used""]","Clear",0,33.771235,-84.387421,"Atlanta","FULTON","[""Motor Vehicle in Motion"",""Pedal-Cycle""]",,"[""Motor Vehicle in Motion"",""Pedal-Cycle""]"
1,0,"Atlanta Police Department","03/01/2023","Fulton St Sw and Mcdaniel St Sw","(A) Suspected Serious Injury","Daylight","On Roadway - In Crosswalk","Not a Collision with Motor Vehicle","Mcdaniel St Sw","Dry","14:45:00","[""Unknown"",""None Used""]","Clear",0,33.741556,-84.402936,"Atlanta","FULTON","[""Pedestrian"",""Pedal-Cycle""]",,"[""Pedestrian"",""Pedal-Cycle""]"
0,0,"Atlanta Police Department","03/01/2023","None and Beecher Rd Sw","(C) Possible Injury / Complaint","Daylight","On Roadway - Non-Intersection","Not a Collision with Motor Vehicle","Beecher Rd Sw","Dry","18:10:00","[""Unknown"",""Lap and Shoulder Belt Used"",""Lap and Shoulder Belt Used""]","Clear",0,33.722159,-84.464135,"Atlanta","FULTON","[""Pedal-Cycle"",""Motor Vehicle in Motion""]",,"[""Pedal-Cycle"",""Motor Vehicle in Motion""]"
0,1,"Georgia Tech Police Department","03/03/2023","Ferst Drive Nw and Fowler Street Nw","(B) Suspected Minor/Visible Injury","Daylight","On Roadway - Roadway Intersection","Angle Crash","Ferst Drive Nw","Dry","19:04:00","[""Lap and Shoulder Belt Used"",""Bicycle Helmet""]","Clear",0,33.776924,-84.393635,"Atlanta","FULTON","[""Motor Vehicle in Motion"",""Motor Vehicle in Motion""]","Failure to Yield","[""Motor Vehicle in Motion"",""Pedal-Cycle""]"
0,0,"Atlanta Police Department","03/04/2023","Echo St Nw and Donald Lee Hollowell Pkwy Nw","(O) No Injury","Daylight","On Roadway - Non-Intersection","Not a Collision with Motor Vehicle","Donald Lee Hollowell Pkwy Nw","Dry","17:39:00","[""None Used"",""Unknown""]","Clear",0,33.773107,-84.410391,"Atlanta","FULTON","[""Pedal-Cycle"",""Motor Vehicle in Motion""]","Failure to Yield","[""Pedal-Cycle"",""Motor Vehicle in Motion""]"
0,0,"Atlanta Police Department","03/08/2023","None and Dill Ave Sw","(C) Possible Injury / Complaint","Dark-Not Lighted","On Roadway - Non-Intersection","Not a Collision with Motor Vehicle","Dill Ave Sw","Dry","19:00:00","[""Unknown"",""Unknown""]","Clear",0,33.71822,-84.424428,"Atlanta","FULTON","[""Pedal-Cycle"",""Motor Vehicle in Motion""]","[""Not Visible (Object, Person, or Vehicle)"",""Wrong Side of Road""]","[""Pedal-Cycle"",""Pedal-Cycle""]"
0,0,"Atlanta Police Department","03/09/2023","None and Cheshire Bridge Rd Ne","(C) Possible Injury / Complaint","Daylight","On Roadway - Driveway Intersection","Not a Collision with Motor Vehicle","Cheshire Bridge Rd Ne","Dry","16:30:00","[""Unknown"",""None Used""]","Cloudy",0,33.810928,-84.357834,"Atlanta","FULTON","[""Pedal-Cycle"",""Motor Vehicle in Motion""]","Failure to Yield","[""Pedal-Cycle"",""Pedal-Cycle""]"
0,0,"Atlanta Police Department","03/10/2023","3Rd St Ne and Peachtree St Ne","(C) Possible Injury / Complaint","Daylight","On Roadway - In Crosswalk","Not a Collision with Motor Vehicle","3Rd St Ne","Dry","15:49:00","[""Lap and Shoulder Belt Used"",""None Used""]","Clear",0,33.773679,-84.384756,"Atlanta","FULTON","[""Pedal-Cycle"",""Pedal-Cycle""]","Disregard Other Traffic Control","[""Pedal-Cycle"",""Pedal-Cycle""]"
1,0,"Atlanta Police Department","03/11/2023","N Highland Ave Ne and Los Angeles Ave Ne","(A) Suspected Serious Injury","Daylight","On Roadway - Roadway Intersection","Not a Collision with Motor Vehicle","Los Angeles Ave Ne","Dry","11:30:00","[""Unknown"",""Unknown""]","Clear",0,33.783861,-84.35466,"Atlanta","FULTON","[""Motor Vehicle in Motion"",""Pedal-Cycle""]","Failure to Yield","[""Motor Vehicle in Motion"",""Pedal-Cycle""]"
0,0,"Atlanta Police Department","03/17/2023","Stallings Ave Se and Bouldercrest Dr Se","(C) Possible Injury / Complaint","Daylight","On Roadway - Roadway Intersection","Not a Collision with Motor Vehicle","Stallings Ave Se","Wet","18:46:00","[""Unknown"",""Bicycle Helmet""]","Rain",0,33.727847,-84.3337,"Atlanta","DEKALB","[""Pedal-Cycle"",""Motor Vehicle in Motion""]",,"[""Pedal-Cycle"",""Pedal-Cycle""]"
0,0,"Emory Police Department","03/17/2023","Farnell Ct and Starvine Way","(O) No Injury","Daylight","On Roadway - Bicycle Lane","Not a Collision with Motor Vehicle","Starvine Way","Wet","17:00:00","[""Unknown"",""Unknown""]","Rain",0,33.795905,-84.309098,"Atlanta","DEKALB","[""Motor Vehicle in Motion"",""Motor Vehicle in Motion""]",,"[""Motor Vehicle in Motion"",""Pedal-Cycle""]"
0,0,"Atlanta Police Department","03/20/2023","Briarcliff Rd Ne and St Charles Pl Ne","(C) Possible Injury / Complaint","Dark-Not Lighted","On Roadway - Non-Intersection","Not a Collision with Motor Vehicle","St Charles Pl Ne","Dry","20:30:00","[""Unknown"",""None Used""]","Clear",0,33.775367,-84.348742,"Atlanta","FULTON","[""Motor Vehicle in Motion"",""Pedal-Cycle""]",,"Pedal-Cycle"
0,1,"Atlanta Police Department","03/21/2023","Wells Dr Sw and Campbellton Rd Sw","(B) Suspected Minor/Visible Injury","Daylight","On Roadway - Roadway Intersection","Not a Collision with Motor Vehicle","Wells Dr Sw","Dry","19:33:00","[""Lap and Shoulder Belt Used"",""None Used""]","Clear",0,33.702885,-84.468751,"Atlanta","FULTON","[""Motor Vehicle in Motion"",""Motor Vehicle in Motion""]","Inattentive or Other Distraction (Distracted)","[""Motor Vehicle in Motion"",""Pedal-Cycle""]"
0,1,"Atlanta Police Department","03/27/2023","Oakland Ave Se and Memorial Dr Se","(B) Suspected Minor/Visible Injury","Daylight","On Roadway - Roadway Intersection","Not a Collision with Motor Vehicle","Memorial Dr Se","Dry","18:06:00","[""Unknown"",""Lap and Shoulder Belt Used"",""Lap and Shoulder Belt Used""]","Clear",0,33.746795,-84.375186,"Atlanta","FULTON","[""Pedestrian"",""Pedestrian""]",,"[""Pedal-Cycle"",""Pedestrian""]"
0,0,"Atlanta Police Department","03/29/2023","Peachtree Center Ave Ne and Andrew Young International Blvd Ne","(C) Possible Injury / Complaint","Dark-Lighted","On Roadway - Non-Intersection","Not a Collision with Motor Vehicle","Peachtree Center Ave Ne","Dry","20:44:00","[""Unknown"",""Unknown""]","Clear",0,33.759435,-84.386063,"Atlanta","FULTON","[""Motor Vehicle in Motion"",""Motor Vehicle in Motion""]","Improper Turn","[""Motor Vehicle in Motion"",""Pedal-Cycle""]"
0,1,"Atlanta Police Department","04/16/2023","Kanuga St Ne and Virginia Ave Ne","(B) Suspected Minor/Visible Injury","Dark-Lighted","On Roadway - Roadway Intersection","Not a Collision with Motor Vehicle","Virginia Ave Ne","Dry","00:58:00","[""Unknown"",""Unknown""]","Clear",0,33.781251,-84.367611,"Atlanta","FULTON","[""Motor Vehicle in Motion"",""Motor Vehicle in Motion""]","Failure to Yield","[""Motor Vehicle in Motion"",""Pedal-Cycle""]"
0,1,"Atlanta Police Department","04/23/2023","Pelham Rd Ne and Piedmont Ave Ne","(B) Suspected Minor/Visible Injury","Dark-Lighted","On Roadway - Roadway Intersection","Rear End","Piedmont Ave Ne","Dry","22:30:00","[""Lap and Shoulder Belt Used"",""Lap and Shoulder Belt Used"",""Bicycle Helmet""]","Clear",0,33.80084,-84.36758,"Atlanta","FULTON","[""Pedal-Cycle"",""Other Object (Not Fixed)"",""Motor Vehicle in Motion""]","Failure to Yield","[""Pedal-Cycle"",""Other Object (Not Fixed)"",""Pedal-Cycle""]"
0,0,"Atlanta Police Department","04/24/2023","Ponce De Leon Ave Ne and John Lewis Freedom Pkwy Ne","(C) Possible Injury / Complaint","Daylight","On Roadway - Roadway Intersection","Not a Collision with Motor Vehicle","John Lewis Freedom Pkwy Ne","Dry","17:38:00","[""Lap and Shoulder Belt Used"",""None Used""]","Clear",0,33.773801,-84.359857,"Atlanta","FULTON","[""Motor Vehicle in Motion"",""Motor Vehicle in Motion""]","[""Failure to Yield"",""Disregard Other Traffic Control""]","[""Motor Vehicle in Motion"",""Pedal-Cycle""]"
0,0,"Atlanta Police Department","04/26/2023","Martin Luther King Jr Dr Sw and Martin Luther King Jr Dr Nw","(C) Possible Injury / Complaint","Dark-Lighted","On Roadway - Roadway Intersection","Not a Collision with Motor Vehicle","Martin Luther King Jr Dr Nw","Dry","19:55:00","[""None Used"",""Lap and Shoulder Belt Used""]","Cloudy",0,33.754705,-84.412943,"Atlanta","FULTON","[""Pedal-Cycle"",""Motor Vehicle in Motion""]",,"[""Pedal-Cycle"",""Motor Vehicle in Motion""]"
0,0,"Atlanta Police Department","04/27/2023","Grant St Se and Decatur St Se","(C) Possible Injury / Complaint","Daylight","On Roadway - Roadway Intersection","Not a Collision with Motor Vehicle","Decatur St Se","Dry","17:51:00","[""Unknown"",""Unknown""]","Clear",0,33.750181,-84.376637,"Atlanta","FULTON","[""Pedal-Cycle"",""Pedal-Cycle""]","[""Failure to Yield"",""Disregard Other Traffic Control"",""Under the Influence (U.I.)""]","[""Pedal-Cycle"",""Pedal-Cycle""]"
0,1,"Atlanta Police Department","05/09/2023","Faith Ave Se and Bill Kennedy Way Se","(B) Suspected Minor/Visible Injury","Daylight","On Roadway - Bicycle Lane","Not a Collision with Motor Vehicle","Faith Ave Se","Dry","08:15:00","[""Lap and Shoulder Belt Used"",""Bicycle Helmet""]","Cloudy",0,33.741833,-84.358166,"Atlanta","FULTON","[""Motor Vehicle in Motion"",""Pedal-Cycle""]",,"[""Motor Vehicle in Motion"",""Pedal-Cycle""]"
0,2,"Atlanta Police Department","05/13/2023","Markone St Nw and Marktrey Pl Nw","(B) Suspected Minor/Visible Injury","Daylight","On Roadway - Non-Intersection","Not a Collision with Motor Vehicle","Markone St Nw","Dry","18:20:00","[""Unknown"",""Unknown"",""Unknown"",""Unknown""]","Clear",0,33.769822,-84.448334,"Atlanta","FULTON","[""Motor Vehicle in Motion"",""Pedal-Cycle""]","Failure to Yield","[""Motor Vehicle in Motion"",""Pedal-Cycle""]"
0,1,"Atlanta Police Department","05/14/2023","Lee St Sw and Donnelly Ave Sw","(B) Suspected Minor/Visible Injury","Daylight","On Roadway - In Crosswalk","Not a Collision with Motor Vehicle","Donnelly Ave Sw","Dry","14:05:00","[""Unknown"",""Unknown"",""Unknown""]","Cloudy",0,33.727299,-84.417511,"Atlanta","FULTON","[""Motor Vehicle in Motion"",""Motor Vehicle in Motion""]",,"[""Motor Vehicle in Motion"",""Pedal-Cycle""]"
0,1,"Atlanta Police Department","05/15/2023","Pryor St Sw and Memorial Dr Sw","(B) Suspected Minor/Visible Injury","Daylight","On Roadway - Non-Intersection","Not a Collision with Motor Vehicle","Memorial Dr Sw","Dry","14:09:00","[""Unknown"",""None Used""]","Clear",0,33.746924,-84.394417,"Atlanta","FULTON","[""Pedal-Cycle"",""Motor Vehicle in Motion""]","Disregard Stop Sign/Signal","[""Motor Vehicle in Motion"",""Pedal-Cycle""]"
0,1,"Atlanta Police Department","05/19/2023","None and Peachtree St Ne","(B) Suspected Minor/Visible Injury","Daylight","On Roadway - Driveway Intersection","Not a Collision with Motor Vehicle","Peachtree St Ne","Dry","20:30:00","[""Shoulder Belt Only Used"",""Bicycle Helmet""]","Clear",0,33.804611,-84.393557,"Atlanta","FULTON","[""Motor Vehicle in Motion"",""Pedal-Cycle""]","Failure to Yield","[""Motor Vehicle in Motion"",""Pedal-Cycle""]"
1,0,"Atlanta Police Department","05/23/2023","10Th St Nw and Northside Dr Nw","(A) Suspected Serious Injury","Daylight","On Roadway - Roadway Intersection","Not a Collision with Motor Vehicle","Northside Dr Nw","Dry","18:38:00","[""Unknown"",""None Used""]","Clear",0,33.781554,-84.407476,"Atlanta","FULTON","[""Motor Vehicle in Motion"",""Motor Vehicle in Motion""]","Disregard Other Traffic Control","[""Motor Vehicle in Motion"",""Pedal-Cycle""]"
0,1,"Atlanta Police Department","05/26/2023","14Th St Nw and Flynn St Nw","(B) Suspected Minor/Visible Injury","Daylight","On Roadway - Roadway Intersection","Not a Collision with Motor Vehicle","14Th St Nw","Dry","18:00:00","[""Unknown"",""None Used""]","Clear",0,33.786219,-84.405256,"Atlanta","FULTON","[""Motor Vehicle in Motion"",""Motor Vehicle in Motion""]","Changed Lanes Improperly","[""Motor Vehicle in Motion"",""Pedal-Cycle""]"
0,0,"Atlanta Police Department","05/30/2023","14Th St Nw and W Peachtree St Nw","(O) No Injury","Daylight","On Roadway - Roadway Intersection","Not a Collision with Motor Vehicle","W Peachtree St Nw","Dry","18:32:00","Bicycle Helmet","Clear",0,33.786669,-84.387796,"Atlanta","FULTON","[""Pedal-Cycle"",""Parked Motor Vehicle""]","[""Improper Passing"",""No Signal/Improper Signal""]","[""Pedal-Cycle"",""Parked Motor Vehicle""]"
0,0,"Atlanta Police Department","06/02/2023","Monroe Dr Ne and Montgomery Ferry Dr Ne","(O) No Injury","Dark-Not Lighted","On Roadway - Roadway Intersection","Not a Collision with Motor Vehicle","Monroe Dr Ne","Dry","21:30:00","[""Unknown"",""Bicycle Helmet""]","Clear",0,33.801954,-84.372376,"Atlanta","FULTON","[""Pedal-Cycle"",""Motor Vehicle in Motion""]","Aggressive Driving","[""Pedal-Cycle"",""Pedal-Cycle""]"
0,0,"Atlanta Police Department","06/05/2023","Peachtree St Nw and Peachtree Cir Ne","(C) Possible Injury / Complaint","Daylight","On Roadway - Roadway Intersection","Not a Collision with Motor Vehicle","Peachtree Cir Ne","Dry","17:30:00","[""Unknown"",""Unknown""]","Clear",0,33.795839,-84.387733,"Atlanta","FULTON","[""Motor Vehicle in Motion"",""Motor Vehicle in Motion""]","[""Disregard Police - Traffic Control"",""Vision Obscured"",""Failure to Yield"",""Disregard Other Traffic Control""]","[""Motor Vehicle in Motion"",""Pedal-Cycle""]"
0,0,"Atlanta Police Department","06/05/2023","Marietta St Nw and Centennial Olympic Park Dr Nw","(O) No Injury","Dark-Lighted","On Roadway - Roadway Intersection","Not a Collision with Motor Vehicle","Centennial Olympic Park Dr Nw","Dry","23:10:00","[""None Used"",""Lap and Shoulder Belt Used""]","Clear",0,33.757896,-84.393502,"Atlanta","FULTON","[""Motor Vehicle in Motion"",""Motor Vehicle in Motion""]","Failure to Yield","[""Pedal-Cycle"",""Motor Vehicle in Motion""]"
0,0,"Atlanta Police Department","06/06/2023","14Th St Ne and Crescent Ave Ne","(O) No Injury","Dark-Lighted","On Roadway - Non-Intersection","Not a Collision with Motor Vehicle","Crescent Ave Ne","Wet","21:34:00","[""Lap and Shoulder Belt Used"",""None Used""]","Cloudy",0,33.786564,-84.384328,"Atlanta","FULTON","[""Pedestrian"",""Pedal-Cycle""]","Failure to Yield","[""Pedestrian"",""Pedal-Cycle""]"
0,1,"Atlanta Police Department","06/09/2023","Ellis St Ne and Peachtree Center Ave Ne","(B) Suspected Minor/Visible Injury","Daylight","On Roadway - Roadway Intersection","Not a Collision with Motor Vehicle","Peachtree Center Ave Ne","Dry","11:39:00","[""Unknown"",""None Used""]","Clear",0,33.758411,-84.386066,"Atlanta","FULTON","[""Pedal-Cycle"",""Motor Vehicle in Motion""]",,"[""Motor Vehicle in Motion"",""Pedal-Cycle""]"
0,0,"Atlanta Police Department","06/15/2023","None and Andrew Young International Blvd Nw","(C) Possible Injury / Complaint","Daylight","On Roadway - Roadway Intersection","Not a Collision with Motor Vehicle","Andrew Young International Blvd Nw","Other","16:30:00","[""Unknown"",""Unknown""]","Other",0,33.760074,-84.394925,"Atlanta","FULTON","[""Motor Vehicle in Motion"",""Motor Vehicle in Motion""]","[""Vision Obscured"",""Other Activity - Mobile Device (Distracted)""]","[""Motor Vehicle in Motion"",""Pedal-Cycle""]"
1,0,"Atlanta Police Department","06/16/2023","Northside Dr Nw and Bellemeade Ave Nw","(A) Suspected Serious Injury","Dark-Lighted","On Roadway - Roadway Intersection","Not a Collision with Motor Vehicle","Northside Dr Nw","Dry","02:33:00","[""Unknown"",""Bicycle Helmet""]","Clear",0,33.800274,-84.407828,"Atlanta","FULTON","[""Pedal-Cycle"",""Motor Vehicle in Motion""]","[""Disregard Other Traffic Control"",""Failure to Yield""]","[""Pedal-Cycle"",""Pedal-Cycle""]"
0,0,"Atlanta Police Department","06/17/2023","Piedmont Rd Ne and Sidney Marcus Blvd Ne","(C) Possible Injury / Complaint","Daylight","On Roadway - Roadway Intersection","Not a Collision with Motor Vehicle","Sidney Marcus Blvd Ne","Dry","14:36:00","[""Unknown"",""None Used""]","Clear",0,33.825851,-84.367659,"Atlanta","FULTON","[""Motor Vehicle in Motion"",""Pedal-Cycle""]","Improper Turn","[""Motor Vehicle in Motion"",""Pedal-Cycle""]"
1,0,"Atlanta Police Department","06/23/2023","Jefferson St Nw and Joseph E Lowery Blvd Nw","(A) Suspected Serious Injury","Daylight","On Roadway - Roadway Intersection","Not a Collision with Motor Vehicle","Jefferson St Nw","Dry","18:30:00","[""Unknown"",""Unknown""]","Clear",0,33.775496,-84.417362,"Atlanta","FULTON","[""Motor Vehicle in Motion"",""Motor Vehicle in Motion""]","Changed Lanes Improperly","[""Pedal-Cycle"",""Motor Vehicle in Motion""]"
1,0,"Atlanta Police Department","06/27/2023","N Elizabeth Pl Nw and Donald Lee Hollowell Pkwy Nw","(A) Suspected Serious Injury","Daylight","On Roadway - Roadway Intersection","Not a Collision with Motor Vehicle","Donald Lee Hollowell Pkwy Nw","Dry","16:01:00","[""Lap and Shoulder Belt Used"",""None Used""]","Clear",0,33.774877,-84.447382,"Atlanta","FULTON","[""Pedal-Cycle"",""Motor Vehicle in Motion""]","[""Failure to Yield"",""Under the Influence (U.I.)""]","[""Pedal-Cycle"",""Pedal-Cycle""]"
0,0,"Atlanta Police Department","06/28/2023","Headland Dr Sw and Greenbriar Pkwy Sw","(C) Possible Injury / Complaint","Daylight","On Roadway - Driveway Intersection","Not a Collision with Motor Vehicle","Headland Dr Sw","Dry","19:45:00","[""Unknown"",""Bicycle Helmet""]","Clear",0,33.689593,-84.488614,"Atlanta","FULTON","[""Motor Vehicle in Motion"",""Pedal-Cycle""]","Improper Passing","[""Motor Vehicle in Motion"",""Pedal-Cycle""]"
1,0,"Atlanta Police Department","06/30/2023","Mitchell St Sw and Northside Dr Sw","(A) Suspected Serious Injury","Daylight","On Roadway - Non-Intersection","Not a Collision with Motor Vehicle","Northside Dr Sw","Dry","07:11:00","[""Unknown"",""Unknown""]","Clear",0,33.753874,-84.402811,"Atlanta","FULTON","[""Motor Vehicle in Motion"",""Motor Vehicle in Motion""]","Failure to Yield","[""Motor Vehicle in Motion"",""Pedal-Cycle""]"
0,0,"Atlanta Police Department","07/06/2023","Hill St Se and Bell St Se","(C) Possible Injury / Complaint","Daylight","On Roadway - Roadway Intersection","Not a Collision with Motor Vehicle","Bell St Se","Dry","17:06:00","[""Lap and Shoulder Belt Used"",""Bicycle Helmet""]","Clear",0,33.749754,-84.379528,"Atlanta","FULTON","[""Pedestrian"",""Motor Vehicle in Motion""]","[""Improper Turn"",""Other Unit Contributed to Crash""]","[""Pedestrian"",""Pedal-Cycle""]"
0,0,"Atlanta Police Department","07/08/2023","I-85 S and Cleveland Ave Sw","(C) Possible Injury / Complaint","Dark-Not Lighted","On Roadway - Non-Intersection","Not a Collision with Motor Vehicle","Cleveland Ave Sw","Dry","22:30:00","[""Lap and Shoulder Belt Used"",""None Used""]","Clear",0,33.681319,-84.412076,"Atlanta","FULTON","[""Pedal-Cycle"",""Pedal-Cycle""]","Failure to Yield","[""Pedal-Cycle"",""Pedal-Cycle""]"
1,0,"Atlanta Police Department","07/14/2023","Roswell Rd Ne and Meadowbrook Dr Ne","(A) Suspected Serious Injury","Dark-Lighted","On Roadway - Roadway Intersection","Not a Collision with Motor Vehicle","Roswell Rd Ne","Dry","23:20:00","[""Lap and Shoulder Belt Used"",""None Used""]","Clear",0,33.877848,-84.379787,"Atlanta","FULTON","[""Other Object (Not Fixed)"",""Pedal-Cycle""]","[""Changed Lanes Improperly"",""Other Unit Contributed to Crash""]","[""Other Object (Not Fixed)"",""Pedal-Cycle""]"
0,0,"Atlanta Police Department","07/17/2023","Garrett St Se and Bill Kennedy Way Se","(O) No Injury","Daylight","On Roadway - Bicycle Lane","Not a Collision with Motor Vehicle","Garrett St Se","Dry","09:10:00","[""Unknown"",""Unknown""]","Clear",0,33.740573,-84.358155,"Atlanta","FULTON","[""Motor Vehicle in Motion"",""Pedal-Cycle""]","Disregard Stop Sign/Signal","[""Motor Vehicle in Motion"",""Pedal-Cycle""]"
0,0,"Atlanta Police Department","07/17/2023","Linden Ave Ne and Parkway Dr Ne","(C) Possible Injury / Complaint","Daylight","On Roadway - Roadway Intersection","Not a Collision with Motor Vehicle","Parkway Dr Ne","Dry","10:39:00","[""Unknown"",""None Used""]","Clear",0,33.769863,-84.372932,"Atlanta","FULTON","[""Motor Vehicle in Motion"",""Pedal-Cycle""]",,"[""Motor Vehicle in Motion"",""Pedal-Cycle""]"
1,0,"Atlanta Police Department","07/20/2023","Hamilton St Se and Glenwood Ave Se","(A) Suspected Serious Injury","Daylight","On Roadway - In Crosswalk","Not a Collision with Motor Vehicle","Glenwood Ave Se","Dry","09:32:00","[""Lap and Shoulder Belt Used"",""None Used""]","Clear",0,33.739767,-84.356395,"Atlanta","FULTON","[""Motor Vehicle in Motion"",""Motor Vehicle in Motion""]","Disregard Stop Sign/Signal","[""Motor Vehicle in Motion"",""Pedal-Cycle""]"
0,1,"Atlanta Police Department","07/20/2023","6Th St Ne and W Peachtree St Nw","(B) Suspected Minor/Visible Injury","Daylight","On Roadway - Roadway Intersection","Not a Collision with Motor Vehicle","6Th St Ne","Dry","13:15:00","[""Lap and Shoulder Belt Used"",""None Used""]","Cloudy",0,33.777562,-84.387295,"Atlanta","FULTON","[""Pedal-Cycle"",""Pedal-Cycle""]","[""Disregard Stop Sign/Signal"",""Disregard Stop Sign/Signal""]","[""Pedal-Cycle"",""Pedal-Cycle""]"
0,1,"Atlanta Police Department","07/22/2023","Glen Iris Dr Ne and Ponce De Leon Ave Ne","(B) Suspected Minor/Visible Injury","Dark-Lighted","On Roadway - Bicycle Lane","Not a Collision with Motor Vehicle","Ponce De Leon Ave Ne","Dry","23:30:00","[""Lap and Shoulder Belt Used"",""Unknown""]","Clear",0,33.773509,-84.367696,"Atlanta","FULTON","[""Other Object (Not Fixed)"",""Motor Vehicle in Motion""]","[""Failure to Yield"",""Misjudged Clearance"",""Other Unit Contributed to Crash""]","[""Other Object (Not Fixed)"",""Pedal-Cycle""]"
1,0,"Atlanta Police Department","07/24/2023","Wallace St Nw and Marietta St Nw","(A) Suspected Serious Injury","Daylight","On Roadway - Roadway Intersection","Not a Collision with Motor Vehicle","Wallace St Nw","Dry","16:00:00","[""Lap Belt Only Used"",""Motorcycle Helmet""]","Other",0,33.772257,-84.401519,"Atlanta","FULTON","[""Motor Vehicle in Motion"",""Motor Vehicle in Motion""]","[""Disregard Other Traffic Control"",""Following Too Close""]","[""Motor Vehicle in Motion"",""Pedal-Cycle""]"
0,0,"Atlanta Police Department","07/25/2023","Elbert St Sw and Metropolitan Pkwy Sw","(C) Possible Injury / Complaint","Daylight","On Roadway - Roadway Intersection","Not a Collision with Motor Vehicle","Elbert St Sw","Dry","17:16:00","[""Lap and Shoulder Belt Used"",""None Used""]","Clear",0,33.728413,-84.40799,"Atlanta","FULTON","[""Motor Vehicle in Motion"",""Pedal-Cycle""]","Failure to Yield","[""Motor Vehicle in Motion"",""Pedal-Cycle""]"
0,0,"Atlanta Police Department","07/26/2023","Murphy Ave Sw and Ralph David Abernathy Blvd Sw","(O) No Injury","Daylight","On Roadway - Non-Intersection","Not a Collision with Motor Vehicle","Ralph David Abernathy Blvd Sw","Dry","18:48:00","[""Unknown"",""Bicycle Helmet""]","Clear",0,33.738213,-84.412403,"Atlanta","FULTON","[""Motor Vehicle in Motion"",""Motor Vehicle in Motion""]","Disregard Other Traffic Control","Pedal-Cycle"
0,0,"Atlanta Police Department","08/05/2023","14Th St Nw and Spring St Nw","(O) No Injury","Daylight","On Roadway - In Crosswalk","Not a Collision with Motor Vehicle","14Th St Nw","Dry","12:00:00","Bicycle Helmet","Clear",0,33.786583,-84.389343,"Atlanta","FULTON","[""Motor Vehicle in Motion"",""Motor Vehicle in Motion""]","Failure to Yield","[""Motor Vehicle in Motion"",""Pedal-Cycle""]"
1,0,"Atlanta Police Department","08/07/2023","Clifton Rd Ne and Ponce De Leon Ave Ne","(A) Suspected Serious Injury","Dark-Lighted","On Roadway - Non-Intersection","Not a Collision with Motor Vehicle","Ponce De Leon Ave Ne","Water (standing or moving)","23:38:00","[""Unknown"",""None Used""]","Cloudy",0,33.773746,-84.331099,"Atlanta","DEKALB","[""Pedal-Cycle"",""Motor Vehicle in Motion""]","[""Changed Lanes Improperly"",""Other Unit Contributed to Crash""]","[""Pedal-Cycle"",""Pedal-Cycle""]"
0,0,"Atlanta Police Department","08/07/2023","Pryor St Sw and Ralph David Abernathy Blvd Sw","(C) Possible Injury / Complaint","Daylight","On Roadway - Roadway Intersection","Not a Collision with Motor Vehicle","Ralph David Abernathy Blvd Sw","Dry","13:00:00","[""Lap and Shoulder Belt Used"",""None Used""]","Clear",0,33.736851,-84.394585,"Atlanta","FULTON","[""Motor Vehicle in Motion"",""Motor Vehicle in Motion""]","Wrong Side of Road","[""Motor Vehicle in Motion"",""Pedal-Cycle""]"
0,1,"Atlanta Police Department","08/08/2023","Jackson St Ne and Edgewood Ave Se","(B) Suspected Minor/Visible Injury","Daylight","On Roadway - Roadway Intersection","Not a Collision with Motor Vehicle","Jackson St Ne","Dry","07:54:00","[""Unknown"",""None Used""]","Clear",0,33.754337,-84.374356,"Atlanta","FULTON","[""Motor Vehicle in Motion"",""Motor Vehicle in Motion""]","Vision Obscured","[""Motor Vehicle in Motion"",""Pedal-Cycle""]"
0,1,"Atlanta Police Department","08/10/2023","Danner St Se and Vickers St Se","(B) Suspected Minor/Visible Injury","Daylight","On Roadway - Non-Intersection","Not a Collision with Motor Vehicle","Vickers St Se","Dry","16:28:00","[""None Used"",""Lap and Shoulder Belt Used"",""Lap and Shoulder Belt Used""]","Clear",0,33.721836,-84.35209,"Atlanta","FULTON","[""Pedal-Cycle"",""Motor Vehicle in Motion""]","Failure to Yield","[""Pedal-Cycle"",""Motor Vehicle in Motion""]"