"# Serious Injuries","# Visible Injuries","Agency Name (Crash Level) ","Date","Intersection Name (from Crash Report)","KABCO Severity","Light Conditions (Crash Level)","Location at Impact (Crash Level) ","Manner of Collision (Crash Level) ","Roadway (From Crash Report)","Surface Condition (Crash Level) ","Time","Safety Equipment (Crash Level) ","Weather Conditions (Crash Level)","# of Fatalities per Crash","Latitude","Longitude","Geolocated City","Geolocated County","First Harmful Event (Unit Order)","Operator/Pedestrian Contrib Factor (excl None, Other, No Contrib Factors)","Most Harmful Event (Crash Level)"
1,0,"Atlanta Police Department","08/13/2023","Peyton Ave Nw and Donald Lee Hollowell Pkwy Nw","(A) Suspected Serious Injury","Daylight","On Roadway - Non-Intersection","Not a Collision with Motor Vehicle","Donald Lee Hollowell Pkwy Nw","Dry","09:00:00","[""Unknown"",""None Used""]","Clear",0,33.775828,-84.467669,"Atlanta","FULTON","[""Pedal-Cycle"",""Pedal-Cycle""]","Failure to Yield","[""Pedal-Cycle"",""Pedal-Cycle""]"
0,0,"Atlanta Police Department","08/14/2023","Bell St Ne and Auburn Ave Ne","(O) No Injury","Daylight","On Roadway - Roadway Intersection","Not a Collision with Motor Vehicle","Bell St Ne","Dry","08:40:00","[""Unknown"",""Unknown""]","Clear",0,33.755531,-84.379406,"Atlanta","FULTON","[""Motor Vehicle in Motion"",""Motor Vehicle in Motion""]","Inattentive or Other Distraction (Distracted)","[""Motor Vehicle in Motion"",""Pedal-Cycle""]"
0,1,"Atlanta Police Department","08/20/2023","Glenwood Ave Se and Bill Kennedy Way Se","(B) Suspected Minor/Visible Injury","Daylight","On Roadway - Roadway Intersection","Not a Collision with Motor Vehicle","Glenwood Ave Se","Dry","17:40:00","[""Lap and Shoulder Belt Used"",""Unknown""]","Clear",0,33.739772,-84.358266,"Atlanta","FULTON","[""Motor Vehicle in Motion"",""Motor Vehicle in Motion""]","Disregard Stop Sign/Signal","[""Motor Vehicle in Motion"",""Pedal-Cycle""]"
0,0,"Atlanta Police Department","08/25/2023","Northside Dr Nw and Donald Lee Hollowell Pkwy Nw","(O) No Injury","Daylight","On Roadway - Roadway Intersection","Not a Collision with Motor Vehicle","Northside Dr Nw","Dry","09:00:00","[""Lap and Shoulder Belt Used"",""Bicycle Helmet""]","Clear",0,33.77318,-84.408762,"Atlanta","FULTON","[""Motor Vehicle in Motion"",""Pedal-Cycle""]",,"[""Motor Vehicle in Motion"",""Pedal-Cycle""]"
1,0,"Atlanta Police Department","08/26/2023","None and Joseph E Lowery Blvd Nw","(A) Suspected Serious Injury","Daylight","On Roadway - Non-Intersection","Not a Collision with Motor Vehicle","Joseph E Lowery Blvd Nw","Dry","18:16:00","[""Lap and Shoulder Belt Used"",""None Used""]","Clear",0,33.77852,-84.417343,"Atlanta","FULTON","[""Pedal-Cycle"",""Motor Vehicle in Motion""]",,"[""Motor Vehicle in Motion"",""Pedal-Cycle""]"
0,0,"Atlanta Police Department","08/27/2023","Auburn Ave Ne and Piedmont Ave Ne","(O) No Injury","Daylight","On Roadway - Roadway Intersection","Not a Collision with Motor Vehicle","Piedmont Ave Ne","Dry","17:06:00","[""Lap and Shoulder Belt Used"",""Bicycle Helmet""]","Clear",0,33.755554,-84.382226,"Atlanta","FULTON","[""Motor Vehicle in Motion"",""Motor Vehicle in Motion""]","Disregard Stop Sign/Signal","[""Motor Vehicle in Motion"",""Pedal-Cycle""]"
0,0,"Atlanta Police Department","08/27/2023","10Th St Ne and Peachtree St Ne","(C) Possible Injury / Complaint","Daylight","On Roadway - Roadway Intersection","Not a Collision with Motor Vehicle","Peachtree St Ne","Dry","11:00:00","[""Bicycle Helmet"",""Lap and Shoulder Belt Used""]","Clear",0,33.781642,-84.384012,"Atlanta","FULTON","[""Pedal-Cycle"",""Motor Vehicle in Motion""]","Following Too Close","[""Pedal-Cycle"",""Motor Vehicle in Motion""]"
0,1,"Atlanta Police Department","08/28/2023","Luckie St Nw and Ivan Allen Jr Blvd Nw","(B) Suspected Minor/Visible Injury","Daylight","On Roadway - Roadway Intersection","Not a Collision with Motor Vehicle","Ivan Allen Jr Blvd Nw","Dry","16:34:00","[""Unknown"",""Bicycle Helmet""]","Clear",0,33.764574,-84.396142,"Atlanta","FULTON","[""Motor Vehicle in Motion"",""Motor Vehicle in Motion""]","Disregard Stop Sign/Signal","[""Motor Vehicle in Motion"",""Pedal-Cycle""]"
0,0,"Atlanta Police Department","09/01/2023","Beeline Nw and Howell Mill Rd Nw","(O) No Injury","Daylight","On Roadway - Driveway Intersection","Not a Collision with Motor Vehicle","Howell Mill Rd Nw","Dry","17:10:00","[""Lap and Shoulder Belt Used"",""None Used""]","Clear",0,33.78487,-84.41179,"Atlanta","FULTON","[""Motor Vehicle in Motion"",""Pedal-Cycle""]","Improper Turn","[""Motor Vehicle in Motion"",""Pedal-Cycle""]"
0,0,"Georgia Tech Police Department","09/01/2023","Fifth St. Nw and Spring St Nw","(C) Possible Injury / Complaint","Dark-Lighted","On Roadway - Roadway Intersection","Sideswipe-Same Direction","Spring St Nw","Dry","22:18:00","[""Unknown"",""Unknown"",""Unknown"",""Unknown"",""Unknown""]","Clear",0,33.776814,-84.388793,"Atlanta","FULTON","[""Pedal-Cycle"",""Motor Vehicle in Motion""]","[""Changed Lanes Improperly"",""Other Unit Contributed to Crash""]","[""Pedal-Cycle"",""Pedal-Cycle""]"
0,0,"Atlanta Police Department","09/01/2023","Jackson St Ne and Edgewood Ave Se","(C) Possible Injury / Complaint","Daylight","On Roadway - Roadway Intersection","Not a Collision with Motor Vehicle","Edgewood Ave Se","Dry","09:15:00","[""Lap and Shoulder Belt Used"",""None Used""]","Cloudy",0,33.754336,-84.374289,"Atlanta","FULTON","[""Motor Vehicle in Motion"",""Pedal-Cycle""]",,"[""Motor Vehicle in Motion"",""Pedal-Cycle""]"
0,0,"Atlanta Police Department","09/02/2023","Maple St Nw and Western Ave Nw","(C) Possible Injury / Complaint","Daylight","On Roadway - In Crosswalk","Not a Collision with Motor Vehicle","Western Ave Nw","Dry","07:47:00","[""Lap and Shoulder Belt Used"",""None Used""]","Clear",0,33.764942,-84.405277,"Atlanta","FULTON","[""Motor Vehicle in Motion"",""Pedal-Cycle""]","Misjudged Clearance","[""Motor Vehicle in Motion"",""Pedal-Cycle""]"
0,1,"Atlanta Police Department","09/07/2023","Vermont Rd Ne and Peachtree Rd Ne","(B) Suspected Minor/Visible Injury","Dawn","On Roadway - Non-Intersection","Not a Collision with Motor Vehicle","Peachtree Rd Ne","Dry","18:25:00","[""Unknown"",""Bicycle Helmet""]","Clear",0,33.85523,-84.352628,"Atlanta","FULTON","[""Motor Vehicle in Motion"",""Pedal-Cycle""]","Changed Lanes Improperly","[""Motor Vehicle in Motion"",""Pedal-Cycle""]"
0,0,"Atlanta Police Department","09/11/2023","Allene Ave Sw and Catherine St Sw","(O) No Injury","Daylight","On Roadway - Roadway Intersection","Not a Collision with Motor Vehicle","Allene Ave Sw","Dry","07:40:00","[""Lap and Shoulder Belt Used"",""Lap and Shoulder Belt Used""]","Clear",0,33.725871,-84.413506,"Atlanta","FULTON","[""Motor Vehicle in Motion"",""Pedestrian""]","Inattentive or Other Distraction (Distracted)","[""Motor Vehicle in Motion"",""Pedal-Cycle""]"
0,1,"Atlanta Police Department","09/15/2023","Wylie St Se and Atlanta Beltline Eastside Trl","(B) Suspected Minor/Visible Injury","Daylight","On Roadway - Non-Intersection","Not a Collision with Motor Vehicle","Atlanta Beltline Eastside Trl","Dry","16:45:00","Unknown","Clear",0,33.752185,-84.363286,"Atlanta","FULTON","[""Motor Vehicle in Motion"",""Pedal-Cycle""]","Following Too Close","Pedal-Cycle"
0,1,"Atlanta Police Department","09/15/2023","Faith Ave Se and Bill Kennedy Way Se","(B) Suspected Minor/Visible Injury","Daylight","On Roadway - Roadway Intersection","Not a Collision with Motor Vehicle","Bill Kennedy Way Se","Wet","12:20:00","[""Unknown"",""None Used""]","Rain",0,33.741898,-84.358168,"Atlanta","FULTON","[""Motor Vehicle in Motion"",""Pedal-Cycle""]","Misjudged Clearance","[""Motor Vehicle in Motion"",""Pedal-Cycle""]"
0,1,"Atlanta Police Department","09/15/2023","Wylie St Se and Atlanta Beltline Eastside Trl","(B) Suspected Minor/Visible Injury","Daylight","On Roadway - Roadway Intersection","Not a Collision with Motor Vehicle","Wylie St Se","Dry","16:50:00","Unknown","Clear",0,33.752184,-84.363286,"Atlanta","FULTON","[""Motor Vehicle in Motion"",""Pedal-Cycle""]","Following Too Close","Pedal-Cycle"
0,0,"Atlanta Police Department","09/18/2023","Lake Ave Ne and Atlanta Beltline Eastside","(O) No Injury","Daylight","On Roadway - Roadway Intersection","Not a Collision with Motor Vehicle","Atlanta Beltline Eastside","Dry","15:17:00","[""Lap and Shoulder Belt Used"",""Bicycle Helmet""]","Clear",0,33.757562,-84.364886,"Atlanta","FULTON","[""Motor Vehicle in Motion"",""Pedal-Cycle""]","Disregard Other Traffic Control","[""Motor Vehicle in Motion"",""Pedal-Cycle""]"
0,1,"Georgia Tech Police Department","09/19/2023","North Avenue Nw and Cherry Street Nw","(B) Suspected Minor/Visible Injury","Daylight","On Roadway - In Crosswalk","Angle Crash","North Avenue Nw","Dry","10:47:00","[""None Used"",""Lap and Shoulder Belt Used""]","Clear",0,33.771325,-84.395496,"Atlanta","FULTON","[""Motor Vehicle in Motion"",""Motor Vehicle in Motion""]","Other Unit Contributed to Crash","[""Pedal-Cycle"",""Motor Vehicle in Motion""]"
0,1,"Georgia Tech Police Department","09/19/2023","Techwood Drive and Fourth Street Nw","(B) Suspected Minor/Visible Injury","Daylight","On Roadway - Roadway Intersection","Rear End","Techwood Drive","Dry","16:50:00","[""None Used"",""Lap and Shoulder Belt Used""]","Clear",0,33.775056,-84.391967,"Atlanta","FULTON","[""Pedal-Cycle"",""Motor Vehicle in Motion""]","[""Following Too Close"",""Other Unit Contributed to Crash""]","[""Pedal-Cycle"",""Motor Vehicle in Motion""]"
0,1,"Georgia Tech Police Department","09/20/2023","Ferst Drive and Sixth Street","(B) Suspected Minor/Visible Injury","Daylight","On Roadway - Bicycle Lane","Angle Crash","Ferst Drive","Dry","17:51:00","[""Unknown"",""None Used""]","Clear",0,33.776113,-84.40249,"Atlanta","FULTON","[""Motor Vehicle in Motion"",""Pedal-Cycle""]","[""Failure to Yield"",""Too Fast for Conditions""]","[""Other Object (Not Fixed)"",""Pedal-Cycle""]"
0,1,"Atlanta Police Department","09/21/2023","Central Park Pl Ne and Ralph Mcgill Blvd Ne","(B) Suspected Minor/Visible Injury","Daylight","On Roadway - Roadway Intersection","Not a Collision with Motor Vehicle","Central Park Pl Ne","Dry","11:00:00","[""Lap and Shoulder Belt Used"",""None Used""]","Clear",0,33.764052,-84.377833,"Atlanta","FULTON","[""Motor Vehicle in Motion"",""Pedal-Cycle""]",,"[""Motor Vehicle in Motion"",""Pedal-Cycle""]"
0,0,"Atlanta Police Department","09/22/2023","Peachtree Rd Ne and Stratford Rd Ne","(C) Possible Injury / Complaint","Daylight","On Roadway - Roadway Intersection","Not a Collision with Motor Vehicle","Stratford Rd Ne","Dry","16:00:00","[""Lap and Shoulder Belt Used"",""None Used""]","Clear",0,33.848584,-84.366388,"Atlanta","FULTON","[""Motor Vehicle in Motion"",""Motor Vehicle in Motion""]",,"[""Motor Vehicle in Motion"",""Pedal-Cycle""]"
1,2,"Atlanta Police Department","09/24/2023","10Th St Ne and Argonne Ave Ne","(A) Suspected Serious Injury","Daylight","On Roadway - Roadway Intersection","Not a Collision with Motor Vehicle","Argonne Ave Ne","Dry","16:23:00","[""Motorcycle Helmet"",""Motorcycle Helmet"",""Bicycle Helmet""]","Clear",0,33.781785,-84.377646,"Atlanta","FULTON","[""Motor Vehicle in Motion"",""Pedal-Cycle""]","Failure to Yield","[""Motor Vehicle in Motion"",""Pedal-Cycle""]"
0,0,"Atlanta Police Department","09/27/2023","16Th St Ne and Peachtree St Ne","(C) Possible Injury / Complaint","Daylight","On Roadway - In Crosswalk","Not a Collision with Motor Vehicle","16Th St Ne","Dry","08:00:00","[""None Used"",""Unknown""]","Cloudy",0,33.790655,-84.385152,"Atlanta","FULTON","[""Motor Vehicle in Motion"",""Other Object (Not Fixed)""]","Wrong Side of Road","[""Pedal-Cycle"",""Motor Vehicle in Motion""]"
0,1,"Atlanta Police Department","09/29/2023","Woodward Ave Se and Bill Kennedy Way Se","(B) Suspected Minor/Visible Injury","Daylight","On Roadway - Roadway Intersection","Not a Collision with Motor Vehicle","Woodward Ave Se","Dry","18:00:00","Unknown","Clear",0,33.745363,-84.358259,"Atlanta","FULTON","[""Motor Vehicle in Motion"",""Pedal-Cycle""]",,"Pedal-Cycle"
0,1,"Atlanta Police Department","09/30/2023","Henry Thomas Dr Se and Thomasville Blvd Se","(B) Suspected Minor/Visible Injury","Dark-Lighted","On Roadway - Roadway Intersection","Not a Collision with Motor Vehicle","Thomasville Blvd Se","Dry","19:58:00","[""Unknown"",""Unknown""]","Clear",0,33.703625,-84.355727,"Atlanta","FULTON","[""Pedestrian"",""Pedal-Cycle""]","Driver Condition","Pedal-Cycle"
0,0,"Atlanta Police Department","10/05/2023","10Th St Nw and Northside Dr Nw","(O) No Injury","Dark-Lighted","On Roadway - Roadway Intersection","Not a Collision with Motor Vehicle","Northside Dr Nw","Dry","22:30:00","[""Unknown"",""Bicycle Helmet""]","Clear",0,33.781544,-84.407476,"Atlanta","FULTON","[""Motor Vehicle in Motion"",""Motor Vehicle in Motion""]","Improper Turn","[""Motor Vehicle in Motion"",""Pedal-Cycle""]"
0,0,"Atlanta Police Department","10/07/2023","Cascade Rd Sw and Tuckawanna Dr Sw","(C) Possible Injury / Complaint","Daylight","On Roadway - Roadway Intersection","Not a Collision with Motor Vehicle","Cascade Rd Sw","Dry","14:09:00","[""Unknown"",""None Used""]","Clear",0,33.719909,-84.484686,"Atlanta","FULTON","[""Motor Vehicle in Motion"",""Pedal-Cycle""]",,"[""Motor Vehicle in Motion"",""Pedal-Cycle""]"
0,1,"Atlanta Police Department","10/11/2023","6Th St Ne and W Peachtree St Nw","(B) Suspected Minor/Visible Injury","Dawn","On Roadway - Roadway Intersection","Not a Collision with Motor Vehicle","6Th St Ne","Dry","07:00:00","[""Unknown"",""None Used""]","Cloudy",0,33.777564,-84.387295,"Atlanta","FULTON","[""Motor Vehicle in Motion"",""Motor Vehicle in Motion""]","Failure to Yield","[""Motor Vehicle in Motion"",""Pedal-Cycle""]"
0,1,"Atlanta Police Department","10/14/2023","North Ave Ne and Peachtree St Ne","(B) Suspected Minor/Visible Injury","Dark-Lighted","On Roadway - Roadway Intersection","Not a Collision with Motor Vehicle","North Ave Ne","Dry","20:37:00","[""Unknown"",""Unknown""]","Clear",0,33.771286,-84.384966,"Atlanta","FULTON","[""Motor Vehicle in Motion"",""Pedestrian""]","Disregard Other Traffic Control","[""Pedal-Cycle"",""Motor Vehicle in Motion""]"
0,0,"Atlanta Police Department","10/14/2023","2Nd Ave Se and Memorial Dr Se","(O) No Injury","Dark-Lighted","On Roadway - Non-Intersection","Not a Collision with Motor Vehicle","2Nd Ave Se","Dry","17:30:00","Unknown","Clear",0,33.746676,-84.309726,"Atlanta","DEKALB","[""Motor Vehicle in Motion"",""Pedal-Cycle""]","Following Too Close","[""Motor Vehicle in Motion"",""Pedal-Cycle""]"
0,1,"Atlanta Police Department","10/19/2023","Crown Rd Se and Browns Mill Rd Se","(B) Suspected Minor/Visible Injury","Daylight","On Roadway - In Crosswalk","Not a Collision with Motor Vehicle","Browns Mill Rd Se","Dry","08:07:00","[""None Used"",""None Used""]","Clear",0,33.652141,-84.394044,"Atlanta","FULTON","[""Motor Vehicle in Motion"",""Motor Vehicle in Motion""]","Failure to Yield","[""Motor Vehicle in Motion"",""Pedal-Cycle""]"
0,0,"Atlanta Police Department","10/21/2023","10Th St Ne and Myrtle St Ne","(C) Possible Injury / Complaint","Dark-Lighted","On Roadway - Roadway Intersection","Not a Collision with Motor Vehicle","Myrtle St Ne","Other","19:00:00","[""Unknown"",""Unknown""]","Clear",0,33.781788,-84.379386,"Atlanta","FULTON","[""Motor Vehicle in Motion"",""Motor Vehicle in Motion""]","[""Vision Obscured"",""Vision Obscured""]","[""Motor Vehicle in Motion"",""Pedal-Cycle""]"
0,0,"Atlanta Police Department","10/24/2023","Hampton St Nw and Marietta St Nw","(C) Possible Injury / Complaint","Dark-Lighted","On Roadway - Bicycle Lane","Not a Collision with Motor Vehicle","Hampton St Nw","Dry","07:10:00","[""Unknown"",""Bicycle Helmet""]","Clear",0,33.77715,-84.408162,"Atlanta","FULTON","[""Motor Vehicle in Motion"",""Pedal-Cycle""]","Failure to Yield","[""Motor Vehicle in Motion"",""Pedal-Cycle""]"
0,1,"Atlanta Police Department","10/29/2023","Candler Rd Se and Memorial Dr Se","(B) Suspected Minor/Visible Injury","Daylight","On Roadway - In Crosswalk","Not a Collision with Motor Vehicle","Memorial Dr Se","Dry","17:30:00","[""None Used"",""None Used""]","Clear",0,33.747061,-84.292045,"Atlanta","DEKALB","[""Motor Vehicle in Motion"",""Pedal-Cycle""]",,"[""Motor Vehicle in Motion"",""Pedal-Cycle""]"
0,1,"Emory Police Department","10/29/2023","Clifton Rd Ne and Haygood Dr Ne Pl","(B) Suspected Minor/Visible Injury","Dark-Lighted","On Roadway - Roadway Intersection","Not a Collision with Motor Vehicle","Clifton Rd Ne","Dry","20:00:00","[""None Used"",""Lap and Shoulder Belt Used""]","Clear",0,33.795203,-84.321269,"Atlanta","DEKALB","[""Motor Vehicle in Motion"",""Pedal-Cycle""]","[""Disregard Other Traffic Control"",""Other Unit Contributed to Crash""]","[""Pedal-Cycle"",""Pedal-Cycle""]"
0,0,"Atlanta Police Department","10/29/2023","Spring St Nw and Abercrombie Pl Nw","(C) Possible Injury / Complaint","Dark-Lighted","On Roadway - Bicycle Lane","Not a Collision with Motor Vehicle","Abercrombie Pl Nw","Dry","22:00:00","Unknown","Clear",0,33.777784,-84.388779,"Atlanta","FULTON","[""Motor Vehicle in Motion"",""Pedal-Cycle""]","Failure to Yield","Pedal-Cycle"
0,1,"Atlanta Police Department","10/31/2023","Boulevard Se and Chamberlain St Se","(B) Suspected Minor/Visible Injury","Dark-Lighted","On Roadway - Roadway Intersection","Not a Collision with Motor Vehicle","Boulevard Se","Dry","22:50:00","[""Unknown"",""Unknown""]","Clear",0,33.753724,-84.372039,"Atlanta","FULTON","[""Pedal-Cycle"",""Motor Vehicle in Motion""]","[""Failure to Yield"",""Wrong Side of Road""]","[""Pedal-Cycle"",""Pedal-Cycle""]"
0,0,"Georgia Tech Police Department","11/07/2023","Fifth Street and Techwood Drive","(O) No Injury","Daylight","On Roadway - Non-Intersection","Sideswipe-Same Direction","Fifth Street","Water (standing or moving)","14:15:00","None Used","Clear",0,33.776883,-84.392216,"Atlanta","FULTON","[""Pedal-Cycle"",""Motor Vehicle in Motion""]","Other Unit Contributed to Crash","[""Pedal-Cycle"",""Other Object (Not Fixed)""]"
0,0,"Atlanta Police Department","11/07/2023","E Lake Blvd Se and Glenwood Ave Se","(C) Possible Injury / Complaint","Daylight","On Roadway - In Crosswalk","Angle Crash","Glenwood Ave Se","Dry","07:20:00","[""Unknown"",""Bicycle Helmet""]","Clear",0,33.740143,-84.313886,"Atlanta","DEKALB","[""Motor Vehicle in Motion"",""Pedestrian""]","[""Inattentive or Other Distraction (Distracted)"",""Driver Condition"",""Other Unit Contributed to Crash""]","[""Motor Vehicle in Motion"",""Pedal-Cycle""]"
0,1,"Atlanta Police Department","11/08/2023","Old Jonesboro Rd Sw and Metropolitan Pkwy Sw","(B) Suspected Minor/Visible Injury","Daylight","On Roadway - Roadway Intersection","Not a Collision with Motor Vehicle","Metropolitan Pkwy Sw","Dry","16:20:00","[""Unknown"",""Bicycle Helmet""]","Clear",0,33.677068,-84.408473,"Atlanta","FULTON","[""Pedal-Cycle"",""Motor Vehicle in Motion""]","[""Failure to Yield"",""Other Unit Contributed to Crash""]","[""Pedal-Cycle"",""Pedal-Cycle""]"
0,0,"Atlanta Police Department","11/08/2023","Euclid Ave and Moreland Ave","(C) Possible Injury / Complaint","Daylight","On Roadway - Non-Intersection","Not a Collision with Motor Vehicle","Euclid Ave","Dry","10:10:00","[""Unknown"",""Bicycle Helmet""]","Clear",0,33.764968,-84.349731,"Atlanta","FULTON","[""Motor Vehicle in Motion"",""Motor Vehicle in Motion""]","[""Failure to Yield"",""Not Visible (Object, Person, or Vehicle)""]","[""Motor Vehicle in Motion"",""Pedal-Cycle""]"
0,0,"Atlanta Police Department","11/14/2023","Hawkins St Nw and Chappell Rd Nw","(O) No Injury","Daylight","On Roadway - Roadway Intersection","Not a Collision with Motor Vehicle","Hawkins St Nw","Dry","12:15:00","[""None Used"",""Unknown""]","Clear",0,33.762174,-84.433435,"Atlanta","FULTON","[""Pedal-Cycle"",""Motor Vehicle in Motion""]","[""Inattentive or Other Distraction (Distracted)"",""Other Unit Contributed to Crash""]","[""Pedal-Cycle"",""Motor Vehicle in Motion""]"
0,1,"Georgia Tech Police Department","11/16/2023","Tenth Street Nw and Williams Street Nw","(B) Suspected Minor/Visible Injury","Dark-Lighted","On Roadway - Roadway Intersection","Angle Crash","Williams Street Nw","Dry","18:30:00","[""Lap and Shoulder Belt Used"",""Bicycle Helmet""]","Clear",0,33.781491,-84.39058,"Atlanta","FULTON","[""Motor Vehicle in Motion"",""Motor Vehicle in Motion""]","[""Other Unit Contributed to Crash"",""Wrong Side of Road""]","[""Motor Vehicle in Motion"",""Pedal-Cycle""]"
0,1,"Atlanta Police Department","11/24/2023","Hampton St Nw and Northside Dr Nw","(B) Suspected Minor/Visible Injury","Dark-Lighted","On Roadway - Roadway Intersection","Not a Collision with Motor Vehicle","Northside Dr Nw","Dry","18:28:00","[""Lap and Shoulder Belt Used"",""None Used""]","Clear",0,33.777606,-84.407339,"Atlanta","FULTON","[""Motor Vehicle in Motion"",""Pedal-Cycle""]","[""Other Unit Contributed to Crash"",""Disregard Stop Sign/Signal""]","[""Motor Vehicle in Motion"",""Pedal-Cycle""]"
0,0,"Atlanta Police Department","11/26/2023","Argonne Ave Ne and Ponce De Leon Ave Ne","(C) Possible Injury / Complaint","Dark-Lighted","On Roadway - Roadway Intersection","Not a Collision with Motor Vehicle","Argonne Ave Ne","Wet","18:49:00","[""Lap and Shoulder Belt Used"",""None Used""]","Rain",0,33.772553,-84.377675,"Atlanta","FULTON","[""Motor Vehicle in Motion"",""Pedal-Cycle""]","[""Improper Turn"",""Other Unit Contributed to Crash""]","[""Motor Vehicle in Motion"",""Pedal-Cycle""]"
0,0,"Atlanta Police Department","11/27/2023","Bell St Ne and Edgewood Ave Se","(O) No Injury","Daylight","On Roadway - Roadway Intersection","Not a Collision with Motor Vehicle","Bell St Ne","Dry","11:55:00","[""None Used"",""Lap and Shoulder Belt Used""]","Clear",0,33.754396,-84.379405,"Atlanta","FULTON","[""Motor Vehicle in Motion"",""Motor Vehicle in Motion""]","Wrong Side of Road","[""Pedal-Cycle"",""Motor Vehicle in Motion""]"
0,0,"Atlanta Police Department","12/03/2023","12Th St Ne and Piedmont Ave Ne","(O) No Injury","Daylight","On Roadway - Roadway Intersection","Not a Collision with Motor Vehicle","12Th St Ne","Dry","14:00:00","[""Lap and Shoulder Belt Used"",""Unknown""]","Cloudy",0,33.784281,-84.379704,"Atlanta","FULTON","[""Pedestrian"",""Motor Vehicle in Motion""]","Misjudged Clearance","[""Pedal-Cycle"",""Pedal-Cycle""]"
0,1,"Atlanta Police Department","12/04/2023","Buckhead Ave Ne and Peachtree Rd Ne","(B) Suspected Minor/Visible Injury","Daylight","On Roadway - Roadway Intersection","Not a Collision with Motor Vehicle","Peachtree Rd Ne","Dry","08:50:00","[""Unknown"",""Bicycle Helmet""]","Clear",0,33.838208,-84.380879,"Atlanta","FULTON","Motor Vehicle in Motion","Failure to Yield","Pedal-Cycle"
0,0,"Atlanta Police Department","12/05/2023","Deering Rd Nw and Peachtree St Ne","(O) No Injury","Daylight","On Roadway - Roadway Intersection","Not a Collision with Motor Vehicle","Peachtree St Ne","Dry","20:30:00","[""Shoulder Belt Only Used"",""Shoulder Belt Only Used"",""Unknown""]","Clear",0,33.799844,-84.392365,"Atlanta","FULTON","[""Motor Vehicle in Motion"",""Pedal-Cycle""]","[""Failure to Yield"",""Not Visible (Object, Person, or Vehicle)""]","[""Motor Vehicle in Motion"",""Pedal-Cycle""]"
0,0,"Atlanta Police Department","12/06/2023","Greenwood Ave Ne and N Highland Ave Ne","(C) Possible Injury / Complaint","Dark-Lighted","On Roadway - Roadway Intersection","Not a Collision with Motor Vehicle","N Highland Ave Ne","Dry","18:02:00","[""Lap and Shoulder Belt Used"",""Lap and Shoulder Belt Used""]","Clear",0,33.776694,-84.352502,"Atlanta","FULTON","[""Pedal-Cycle"",""Motor Vehicle in Motion""]","[""Failure to Yield"",""Improper Passing""]","[""Motor Vehicle in Motion"",""Pedal-Cycle""]"
0,0,"Atlanta Police Department","12/07/2023","Peachtree Pl Ne and Peachtree St Ne","(O) No Injury","Daylight","On Roadway - Roadway Intersection","Not a Collision with Motor Vehicle","Peachtree St Ne","Dry","09:10:00","[""Lap and Shoulder Belt Used"",""Lap and Shoulder Belt Used"",""Unknown""]","Clear",0,33.780775,-84.384094,"Atlanta","FULTON","[""Pedal-Cycle"",""Pedal-Cycle""]","[""Other Unit Contributed to Crash"",""Changed Lanes Improperly""]","[""Pedal-Cycle"",""Pedal-Cycle""]"
0,1,"Atlanta Police Department","12/10/2023","10Th St Nw and Fowler St Nw","(B) Suspected Minor/Visible Injury","Dark-Lighted","On Roadway - Roadway Intersection","Not a Collision with Motor Vehicle","Fowler St Nw","Wet","17:30:00","[""Lap and Shoulder Belt Used"",""Lap and Shoulder Belt Used"",""Lap and Shoulder Belt Used"",""Lap and Shoulder Belt Used"",""None Used""]","Rain",0,33.781504,-84.393544,"Atlanta","FULTON","[""Motor Vehicle in Motion"",""Motor Vehicle in Motion""]","[""Other Unit Contributed to Crash"",""Failure to Yield""]","[""Motor Vehicle in Motion"",""Pedal-Cycle""]"
0,0,"Atlanta Police Department","12/16/2023","Lee St Sw and Campbellton Rd Sw","(K) Fatal Injury","Daylight","On Roadway - Non-Intersection","Not a Collision with Motor Vehicle","Lee St Sw","Dry","10:06:00","[""Lap and Shoulder Belt Used"",""Child Restraint System (Properly Used)"",""Bicycle Helmet""]","Clear",1,33.705465,-84.428178,"Atlanta","FULTON","[""Motor Vehicle in Motion"",""Motor Vehicle in Motion""]","[""Following Too Close"",""Other Unit Contributed to Crash""]","[""Motor Vehicle in Motion"",""Pedal-Cycle""]"
0,0,"Atlanta Police Department","12/17/2023","Wylie St Se and Atlanta Beltline Eastside Trl","(O) No Injury","Daylight","On Roadway - Roadway Intersection","Not a Collision with Motor Vehicle","Atlanta Beltline Eastside Trl","Dry","10:22:00","[""Unknown"",""Unknown""]","Cloudy",0,33.752184,-84.363286,"Atlanta","FULTON","[""Motor Vehicle in Motion"",""Motor Vehicle in Motion""]","[""Improper Turn"",""Other Unit Contributed to Crash""]","[""Motor Vehicle in Motion"",""Pedal-Cycle""]"