"# Serious Injuries","# Visible Injuries","Agency Name (Crash Level) ","Date","Intersection Name (from Crash Report)","KABCO Severity","Light Conditions (Crash Level)","Location at Impact (Crash Level) ","Manner of Collision (Crash Level) ","Roadway (From Crash Report)","Surface Condition (Crash Level) ","Time","Safety Equipment (Crash Level) ","Weather Conditions (Crash Level)","# of Fatalities per Crash","Latitude","Longitude","Geolocated City","Geolocated County","First Harmful Event (Unit Order)","Operator/Pedestrian Contrib Factor (excl None, Other, No Contrib Factors)","Most Harmful Event (Crash Level)"
0,0,"Atlanta Police Department","09/07/2024","Dekalb Ave Ne and Josephine St Ne","(O) No Injury","Daylight","On Roadway - Roadway Intersection","Not a Collision with Motor Vehicle","Dekalb Ave Ne","Dry","10:20:00","[""Unknown"",""Unknown""]","Clear",0,33.76041564,-84.34859988,"Atlanta","DeKalb","[""Pedal-Cycle"",""Motor Vehicle in Motion""]","[""Failure to Yield"",""Failure to Yield""]","[""Pedal-Cycle"",""Motor Vehicle in Motion""]"
0,1,"Atlanta Police Department","09/07/2024","3Rd St Ne and Peachtree St Ne","(B) Suspected Minor/Visible Injury","Daylight","On Roadway - Roadway Intersection","Not a Collision with Motor Vehicle","Peachtree St Ne","Dry","16:30:00","Bicycle Helmet","Clear",0,33.77367897,-84.38474274,"Atlanta","Fulton","[""Motor Vehicle in Motion"",""Motor Vehicle in Motion""]","[""Failure to Yield"",""Other Unit Contributed to Crash""]","[""Motor Vehicle in Motion"",""Pedal-Cycle""]"
1,1,"Atlanta Police Department","09/08/2024","Milton Ave Se and Mcdonough Blvd Se","(A) Suspected Serious Injury","Daylight","On Roadway - Roadway Intersection","Not a Collision with Motor Vehicle","Mcdonough Blvd Se","Dry","16:40:00","[""Lap and Shoulder Belt Used"",""Lap and Shoulder Belt Used"",""Bicycle Helmet""]","Clear",0,33.71706415,-84.37887426,"Atlanta","Fulton","[""Motor Vehicle in Motion"",""Pedal-Cycle""]","[""Other Unit Contributed to Crash"",""Improper Turn""]","[""Motor Vehicle in Motion"",""Pedal-Cycle""]"
0,0,"Atlanta Police Department","09/09/2024","Sunset Ave Nw and Cameron M Alexander Blvd Nw","(O) No Injury","Daylight","On Roadway - Roadway Intersection","Not a Collision with Motor Vehicle","Sunset Ave Nw","Dry","18:30:00","[""Unknown"",""Unknown""]","Clear",0,33.76820771,-84.40989403,"Atlanta","Fulton","[""Motor Vehicle in Motion"",""Pedal-Cycle""]","[""Other Unit Contributed to Crash"",""Disregard Police - Traffic Control""]","[""Motor Vehicle in Motion"",""Pedal-Cycle""]"
0,0,"Atlanta Police Department","09/11/2024","Lenox Pkwy and Peachtree Rd Ne","(C) Possible Injury / Complaint","Daylight","On Roadway - Roadway Intersection","Not a Collision with Motor Vehicle","Peachtree Rd Ne","Dry","14:36:00","[""None Used"",""Lap and Shoulder Belt Used""]","Clear",0,33.84894405,-84.36493274,"Atlanta","Fulton","[""Pedal-Cycle"",""Motor Vehicle in Motion""]","[""Failure to Yield"",""Other Unit Contributed to Crash""]","[""Pedal-Cycle"",""Motor Vehicle in Motion""]"
0,1,"Atlanta Police Department","09/11/2024","None and Peachtree Rd Ne","(B) Suspected Minor/Visible Injury","Daylight","On Roadway - Driveway Intersection","Not a Collision with Motor Vehicle","Peachtree Rd Ne","Dry","16:02:00","[""Unknown"",""Bicycle Helmet""]","Clear",0,33.81306735,-84.39250341,"Atlanta","Fulton","[""Motor Vehicle in Motion"",""Pedal-Cycle""]","[""Aggressive Driving"",""Other Unit Contributed to Crash""]","[""Motor Vehicle in Motion"",""Pedal-Cycle""]"
0,0,"Atlanta Police Department","09/13/2024","W Lake Dr Nw and Joseph E Boone Blvd Nw","(C) Possible Injury / Complaint","Daylight","On Roadway - Non-Intersection","Not a Collision with Motor Vehicle","Joseph E Boone Blvd Nw","Water (standing or moving)","16:29:00","[""Unknown"",""Unknown""]","Cloudy",0,33.76358151,-84.43888271,"Atlanta","Fulton","[""Pedal-Cycle"",""Motor Vehicle in Motion""]","Improper Passing","[""Pedal-Cycle"",""Pedal-Cycle""]"
0,0,"Atlanta Police Department","09/15/2024","I-75 N and 17Th St Nw","(O) No Injury","Dark-Lighted","On Roadway - In Crosswalk","Not a Collision with Motor Vehicle","17Th St Nw","Dry","20:00:00","Lap and Shoulder Belt Used","Clear",0,33.79184998,-84.39058811,"Atlanta","Fulton","[""Pedal-Cycle"",""Motor Vehicle in Motion""]","[""Failure to Yield"",""Other Unit Contributed to Crash""]","Pedal-Cycle"
0,1,"Atlanta Police Department","09/16/2024","Wheeler St Nw and Joseph E Lowery Blvd Nw","(B) Suspected Minor/Visible Injury","Daylight","On Roadway - Non-Intersection","Not a Collision with Motor Vehicle","Joseph E Lowery Blvd Nw","Dry","11:08:00","[""Lap and Shoulder Belt Used"",""None Used""]","Clear",0,33.77377963,-84.41737305,"Atlanta","Fulton","[""Pedal-Cycle"",""Pedal-Cycle""]","[""Other Unit Contributed to Crash"",""Misjudged Clearance""]","[""Motor Vehicle in Motion"",""Pedal-Cycle""]"
0,1,"Atlanta Police Department","09/22/2024","10Th St Ne and Monroe Dr Ne","(B) Suspected Minor/Visible Injury","Daylight","On Roadway - Bicycle Lane","Not a Collision with Motor Vehicle","10Th St Ne","Dry","13:26:00","[""Unknown"",""Unknown"",""Bicycle Helmet""]","Clear",0,33.78176619,-84.36913181,"Atlanta","Fulton","[""Motor Vehicle in Motion"",""Pedal-Cycle""]","[""Failure to Yield"",""Other Unit Contributed to Crash""]","[""Motor Vehicle in Motion"",""Pedal-Cycle""]"
0,0,"Atlanta Police Department","09/23/2024","None and Spring St Nw","(O) No Injury","Daylight","On Roadway - Bicycle Lane","Not a Collision with Motor Vehicle","Spring St Nw","Dry","14:20:00","[""Lap and Shoulder Belt Used"",""Lap and Shoulder Belt Used""]","Clear",0,33.78228348,-84.38922434,"Atlanta","Fulton","[""Pedal-Cycle"",""Motor Vehicle in Motion""]","[""Failure to Yield"",""Other Unit Contributed to Crash""]","[""Pedal-Cycle"",""Pedal-Cycle""]"
0,1,"Georgia Tech Police Department","09/24/2024","North Ave and Williams Street","(B) Suspected Minor/Visible Injury","Daylight","On Roadway - Roadway Intersection","Angle Crash","North Ave","Dry","18:40:00","[""None Used"",""Unknown""]","Clear",0,33.77129009,-84.39069082,"Atlanta","Fulton","[""Pedal-Cycle"",""Motor Vehicle in Motion""]","Other Unit Contributed to Crash","[""Pedal-Cycle"",""Pedal-Cycle""]"
0,0,"Atlanta Police Department","09/26/2024","E Wesley Rd Ne and Piedmont Rd Ne","(O) No Injury","Daylight","Off Roadway - Sidewalk","Not a Collision with Motor Vehicle","Piedmont Rd Ne","Wet","13:00:00","[""Unknown"",""Unknown""]","Rain",0,33.83065795,-84.36796879,"Atlanta","Fulton","[""Pedal-Cycle"",""Motor Vehicle in Motion""]","[""Wrong Side of Road"",""Other Unit Contributed to Crash""]","[""Pedal-Cycle"",""Motor Vehicle in Motion""]"
0,0,"Atlanta Police Department","09/29/2024","Monroe Dr Ne and Piedmont Ave Ne","(C) Possible Injury / Complaint","Daylight","On Roadway - Non-Intersection","Not a Collision with Motor Vehicle","Monroe Dr Ne","Dry","11:52:00","[""Non-Motorist Lighting"",""Lap and Shoulder Belt Used""]","Clear",0,33.79718589,-84.36906419,"Atlanta","Fulton","[""Motor Vehicle in Motion"",""Motor Vehicle in Motion""]","[""Misjudged Clearance"",""Other Unit Contributed to Crash""]","[""Pedal-Cycle"",""Motor Vehicle in Motion""]"
0,0,"Atlanta Police Department","10/03/2024","Sunset Ave Nw and Magnolia St Nw","(O) No Injury","Dark-Lighted","On Roadway - Roadway Intersection","Not a Collision with Motor Vehicle","Sunset Ave Nw","Dry","20:25:00","[""Unknown"",""Lap and Shoulder Belt Used"",""Lap and Shoulder Belt Used""]","Clear",0,33.75801534,-84.40998567,"Atlanta","Fulton","[""Pedal-Cycle"",""Motor Vehicle in Motion"",""Motor Vehicle in Motion""]","[""Failure to Yield"",""Misjudged Clearance"",""Misjudged Clearance""]","[""Pedal-Cycle"",""Motor Vehicle in Motion"",""Motor Vehicle in Motion""]"
0,1,"Atlanta Police Department","10/04/2024","Fulton St Sw and Mcdaniel St Sw","(B) Suspected Minor/Visible Injury","Daylight","On Roadway - Roadway Intersection","Not a Collision with Motor Vehicle","Mcdaniel St Sw","Dry","17:40:00","[""Unknown"",""Unknown"",""Unknown"",""Unknown""]","Clear",0,33.74157659,-84.40294373,"Atlanta","Fulton","[""Pedal-Cycle"",""Motor Vehicle in Motion""]","[""Disregard Stop Sign/Signal"",""Other Unit Contributed to Crash""]","[""Pedal-Cycle"",""Motor Vehicle in Motion""]"
0,0,"Atlanta Police Department","10/06/2024","Dekalb Ave Ne and Ferguson St Ne","(O) No Injury","Daylight","Off Roadway","Not a Collision with Motor Vehicle","Ferguson St Ne","Dry","13:00:00","[""Lap and Shoulder Belt Used"",""Lap and Shoulder Belt Used""]","Clear",0,33.7619824,-84.34325518,"Atlanta","DeKalb","[""Motor Vehicle in Motion"",""Motor Vehicle in Motion""]",,"[""Motor Vehicle in Motion"",""Pedal-Cycle""]"
0,1,"Atlanta Police Department","10/07/2024","Joseph E Lowery Blvd Sw and Martin Luther King Jr Dr Nw","(B) Suspected Minor/Visible Injury","Daylight","On Roadway - Non-Intersection","Not a Collision with Motor Vehicle","Joseph E Lowery Blvd Sw","Dry","15:06:00","[""Unknown"",""Unknown"",""Unknown"",""Unknown"",""Unknown"",""Unknown"",""Unknown""]","Clear",0,33.75473039,-84.41756453,"Atlanta","Fulton","[""Motor Vehicle in Motion"",""Pedal-Cycle""]","Changed Lanes Improperly","[""Motor Vehicle in Motion"",""Pedal-Cycle""]"
0,0,"Atlanta Police Department","10/07/2024","Peachtree St Ne and Peachtree Cir Ne","(C) Possible Injury / Complaint","Daylight","On Roadway - In Crosswalk","Not a Collision with Motor Vehicle","Peachtree Cir Ne","Dry","16:51:00","[""Lap and Shoulder Belt Used"",""Unknown""]","Clear",0,33.79579354,-84.38773332,"Atlanta","Fulton","[""Motor Vehicle in Motion"",""Motor Vehicle in Motion""]","[""Disregard Other Traffic Control"",""Other Unit Contributed to Crash""]","[""Pedal-Cycle"",""Pedal-Cycle""]"
0,0,"Atlanta Police Department","10/08/2024","Peachtree St Ne and Ponce De Leon Ave Ne","(C) Possible Injury / Complaint","Daylight","Off Roadway - Sidewalk","Not a Collision with Motor Vehicle","Peachtree St Ne","Dry","19:10:00","[""Lap and Shoulder Belt Used"",""Lap and Shoulder Belt Used""]","Clear",0,33.77274889,-84.38486343,"Atlanta","Fulton","[""Motor Vehicle in Motion"",""Motor Vehicle in Motion""]","[""Improper Turn"",""Other Unit Contributed to Crash""]","[""Pedal-Cycle"",""Pedal-Cycle""]"
0,1,"Atlanta Police Department","10/09/2024","Flat Shoals Rd Se and Fayetteville Rd Se","(B) Suspected Minor/Visible Injury","Daylight","On Roadway - Non-Intersection","Not a Collision with Motor Vehicle","Flat Shoals Rd Se","Dry","18:00:00","[""Unknown"",""None Used""]","Clear",0,33.7258407,-84.32240558,"Atlanta","DeKalb","[""Pedal-Cycle"",""Motor Vehicle in Motion""]","[""Failure to Yield"",""Disregard Other Traffic Control"",""Other Unit Contributed to Crash""]","[""Pedal-Cycle"",""Pedal-Cycle""]"
0,0,"Atlanta Police Department","10/09/2024","I-75 N and Williams St Nw","(O) No Injury","Daylight","On Roadway - Roadway Intersection","Not a Collision with Motor Vehicle","Williams St Nw","Dry","12:49:00","[""Bicycle Helmet"",""Lap and Shoulder Belt Used""]","Clear",0,33.77809375,-84.39055483,"Atlanta","Fulton","[""Motor Vehicle in Motion"",""Motor Vehicle in Motion""]","Other Unit Contributed to Crash","[""Pedal-Cycle"",""Other Object (Not Fixed)""]"
0,0,"Atlanta Police Department","10/09/2024","East Ave Ne and Boulevard Ne","(C) Possible Injury / Complaint","Daylight","Gore","Not a Collision with Motor Vehicle","Boulevard Ne","Dry","14:05:00","[""Lap and Shoulder Belt Used"",""None Used""]","Clear",0,33.76281591,-84.37198374,"Atlanta","Fulton","[""Impact Attenuate"",""Parked Motor Vehicle""]","Driver Condition","[""Impact Attenuate"",""Pedal-Cycle""]"
0,0,"Atlanta Police Department","10/10/2024","Irwin St Ne and Jackson St Ne","(O) No Injury","Dark-Not Lighted","On Roadway - Driveway Intersection","Not a Collision with Motor Vehicle","Jackson St Ne","Dry","19:00:00","[""Lap and Shoulder Belt Used"",""Lap and Shoulder Belt Used""]","Cloudy",0,33.7576787,-84.37433045,"Atlanta","Fulton","[""Motor Vehicle in Motion"",""Motor Vehicle in Motion""]","[""Failure to Yield"",""Other Unit Contributed to Crash""]","[""Motor Vehicle in Motion"",""Pedal-Cycle""]"
0,0,"Atlanta Police Department","10/10/2024","Moore St Se and Memorial Dr Se","(C) Possible Injury / Complaint","Daylight","On Roadway - Bicycle Lane","Not a Collision with Motor Vehicle","Moore St Se","Dry","18:35:00","[""Unknown"",""None Used""]","Clear",0,33.74687252,-84.38069862,"Atlanta","Fulton","[""Motor Vehicle in Motion"",""Motor Vehicle in Motion""]","[""Failure to Yield"",""Not Visible (Object, Person, or Vehicle)""]","[""Pedestrian"",""Pedal-Cycle""]"
0,0,"Atlanta Police Department","10/11/2024","None and Moreland Ave Ne","(C) Possible Injury / Complaint","Dark-Lighted","On Roadway - In Crosswalk","Not a Collision with Motor Vehicle","Moreland Ave Ne","Dry","20:03:00","[""Lap and Shoulder Belt Used"",""Lap and Shoulder Belt Used""]","Clear",0,33.76689555,-84.34904994,"Atlanta","Fulton","[""Motor Vehicle in Motion"",""Motor Vehicle in Motion""]","[""Disregard Other Traffic Control"",""Not Visible (Object, Person, or Vehicle)""]","[""Pedal-Cycle"",""Motor Vehicle in Motion""]"
1,0,"Atlanta Police Department","10/11/2024","Baker St Ne and Peachtree Center Ave Ne","(A) Suspected Serious Injury","Daylight","On Roadway - Roadway Intersection","Not a Collision with Motor Vehicle","Baker St Ne","Dry","13:00:00","[""Unknown"",""Unknown""]","Clear",0,33.76223141,-84.38599477,"Atlanta","Fulton","[""Motor Vehicle in Motion"",""Motor Vehicle in Motion""]","Failure to Yield","[""Motor Vehicle in Motion"",""Pedal-Cycle""]"
0,1,"Atlanta Police Department","10/12/2024","Krog St Ne and Lake Ave Ne","(B) Suspected Minor/Visible Injury","Daylight","On Roadway - Non-Intersection","Not a Collision with Motor Vehicle","Lake Ave Ne","Dry","14:15:00","[""Motorcycle Helmet"",""Lap and Shoulder Belt Used""]","Clear",0,33.75753081,-84.3636532,"Atlanta","Fulton","[""Motor Vehicle in Motion"",""Motor Vehicle in Motion""]","[""Disregard Other Traffic Control"",""Not Visible (Object, Person, or Vehicle)""]","[""Pedal-Cycle"",""Motor Vehicle in Motion""]"
0,0,"Atlanta Police Department","10/15/2024","Ponce De Leon Ct Ne and Ponce De Leon Ave Ne","(C) Possible Injury / Complaint","Daylight","On Roadway - Bicycle Lane","Not a Collision with Motor Vehicle","Ponce De Leon Ct Ne","Dry","13:36:00","[""Unknown"",""None Used""]","Clear",0,33.77363375,-84.36844172,"Atlanta","Fulton","[""Pedal-Cycle"",""Motor Vehicle in Motion""]","Wrong Side of Road","[""Motor Vehicle in Motion"",""Pedal-Cycle""]"
0,1,"Atlanta Police Department","10/18/2024","13Th St Nw and Spring St Nw","(B) Suspected Minor/Visible Injury","Daylight","On Roadway - Non-Intersection","Not a Collision with Motor Vehicle","Spring St Nw","Dry","19:00:00","[""Lap and Shoulder Belt Used"",""Lap and Shoulder Belt Used"",""Unknown""]","Clear",0,33.78575714,-84.38922514,"Atlanta","Fulton","[""Motor Vehicle in Motion"",""Pedal-Cycle""]","[""Other Unit Contributed to Crash"",""Wrong Side of Road""]","[""Motor Vehicle in Motion"",""Pedal-Cycle""]"
0,0,"Atlanta Police Department","10/19/2024","Luckie St Nw and Parker St Nw","(C) Possible Injury / Complaint","Daylight","On Roadway - Bicycle Lane","Not a Collision with Motor Vehicle","Parker St Nw","Dry","15:00:00","[""Unknown"",""Unknown""]","Clear",0,33.76588877,-84.39613916,"Atlanta","Fulton","[""Motor Vehicle in Motion"",""Pedal-Cycle""]","[""Failure to Yield"",""Other Unit Contributed to Crash""]","[""Motor Vehicle in Motion"",""Pedal-Cycle""]"
0,0,"Atlanta Police Department","10/20/2024","25Th St Nw and Peachtree St Ne","(C) Possible Injury / Complaint","Daylight","On Roadway - In Crosswalk","Not a Collision with Motor Vehicle","25Th St Nw","Dry","13:00:00","[""Lap and Shoulder Belt Used"",""Lap and Shoulder Belt Used""]","Clear",0,33.80147448,-84.39275198,"Atlanta","Fulton","[""Motor Vehicle in Motion"",""Pedal-Cycle""]","Failure to Yield","[""Motor Vehicle in Motion"",""Pedal-Cycle""]"
0,0,"Atlanta Police Department","10/21/2024","Laurel Ave Nw and Marietta Rd Nw","(C) Possible Injury / Complaint","Daylight","On Roadway - Roadway Intersection","Not a Collision with Motor Vehicle","Marietta Rd Nw","Dry","07:50:00","[""Unknown"",""Unknown""]","Clear",0,33.80088606,-84.44238835,"Atlanta","Fulton","[""Motor Vehicle in Motion"",""Pedal-Cycle""]",,"[""Motor Vehicle in Motion"",""Pedal-Cycle""]"
0,0,"Atlanta Police Department","10/22/2024","Bolton Rd Nw and Martin Luther King Jr Dr Sw","(C) Possible Injury / Complaint","Daylight","On Roadway - Roadway Intersection","Not a Collision with Motor Vehicle","Martin Luther King Jr Dr Sw","Dry","18:10:00","[""Lap and Shoulder Belt Used"",""None Used""]","Clear",0,33.76585175,-84.51108808,"Atlanta","Fulton","[""Motor Vehicle in Motion"",""Motor Vehicle in Motion""]","[""Not Visible (Object, Person, or Vehicle)"",""Not Visible (Object, Person, or Vehicle)""]","[""Motor Vehicle in Motion"",""Pedal-Cycle""]"
1,0,"Atlanta Police Department","10/27/2024","Ponce De Leon Ct Ne and Ponce De Leon Ave Ne","(A) Suspected Serious Injury","Daylight","On Roadway - Bicycle Lane","Not a Collision with Motor Vehicle","Ponce De Leon Ave Ne","Dry","15:00:00","[""Lap and Shoulder Belt Used"",""None Used""]","Clear",0,33.77368851,-84.36875655,"Atlanta","Fulton","[""Motor Vehicle in Motion"",""Pedal-Cycle""]","[""Failure to Yield"",""Misjudged Clearance""]","[""Motor Vehicle in Motion"",""Pedal-Cycle""]"
0,1,"Atlanta Police Department","10/28/2024","Mills St Nw and Marietta St Nw","(B) Suspected Minor/Visible Injury","Dawn","On Roadway - Roadway Intersection","Not a Collision with Motor Vehicle","Marietta St Nw","Dry","07:40:00","[""Unknown"",""Unknown""]","Cloudy",0,33.76535312,-84.39738027,"Atlanta","Fulton","[""Motor Vehicle in Motion"",""Pedal-Cycle""]","Changed Lanes Improperly","[""Pedal-Cycle"",""Pedal-Cycle""]"
0,1,"Atlanta Police Department","11/01/2024","Humphries Dr Se and Browns Mill Rd Se","(B) Suspected Minor/Visible Injury","Daylight","On Roadway - Non-Intersection","Not a Collision with Motor Vehicle","Browns Mill Rd Se","Dry","09:45:00","[""Bicycle Helmet"",""Unknown""]","Clear",0,33.66853621,-84.37971212,"Atlanta","Fulton","[""Motor Vehicle in Motion"",""Motor Vehicle in Motion""]","[""Driver Lost Control - Speed Related"",""Other Unit Contributed to Crash""]","[""Pedal-Cycle"",""Motor Vehicle in Motion""]"
0,1,"Atlanta Police Department","11/01/2024","Means St Nw and Marietta St Nw","(B) Suspected Minor/Visible Injury","Daylight","On Roadway - Roadway Intersection","Not a Collision with Motor Vehicle","Means St Nw","Dry","09:00:00","[""Lap and Shoulder Belt Used"",""None Used""]","Cloudy",0,33.7731133,-84.4031699,"Atlanta","Fulton","[""Motor Vehicle in Motion"",""Pedal-Cycle""]","[""Failure to Yield"",""Other Unit Contributed to Crash""]","[""Motor Vehicle in Motion"",""Pedal-Cycle""]"
0,1,"Atlanta Police Department","11/02/2024","Paces Ferry Pl Nw and W Paces Ferry Rd Nw","(B) Suspected Minor/Visible Injury","Daylight","On Roadway - Roadway Intersection","Not a Collision with Motor Vehicle","W Paces Ferry Rd Nw","Dry","18:15:00","[""Unknown"",""Unknown""]","Clear",0,33.84039946,-84.38224206,"Atlanta","Fulton","[""Other Object (Not Fixed)"",""Motor Vehicle in Motion""]","Other Unit Contributed to Crash","[""Other Object (Not Fixed)"",""Pedal-Cycle""]"
0,1,"Atlanta Police Department","11/03/2024","Mills St Nw and Luckie St Nw","(B) Suspected Minor/Visible Injury","Daylight","On Roadway - Bicycle Lane","Not a Collision with Motor Vehicle","Luckie St Nw","Dry","04:00:00","[""Unknown"",""Unknown""]","Clear",0,33.7653207,-84.39613624,"Atlanta","Fulton","[""Pedal-Cycle"",""Motor Vehicle in Motion""]","[""Failure to Yield"",""Other Unit Contributed to Crash""]","Pedal-Cycle"
0,1,"Atlanta Police Department","11/05/2024","4Th St Nw and Williams St","(B) Suspected Minor/Visible Injury","Daylight","On Roadway - Non-Intersection","Not a Collision with Motor Vehicle","4Th St Nw","Dry","18:10:00","[""Bicycle Helmet"",""Bicycle Helmet""]","Clear",0,33.77513736,-84.38996262,"Atlanta","Fulton","[""Pedal-Cycle"",""Motor Vehicle in Motion"",""Motor Vehicle in Motion""]","[""Aggressive Driving"",""Reckless Driving"",""Other Unit Contributed to Crash"",""Other Unit Contributed to Crash""]","[""Pedal-Cycle"",""Pedal-Cycle""]"
0,0,"Georgia Tech Police Department","11/06/2024","Fifth Street Nw and Fowler Street Nw","(C) Possible Injury / Complaint","Daylight","On Roadway - Roadway Intersection","Sideswipe-Same Direction","Fifth Street Nw","Dry","16:11:00","[""Lap and Shoulder Belt Used"",""Bicycle Helmet""]","Clear",0,33.77688044,-84.39209089,"Atlanta","Fulton","[""Motor Vehicle in Motion"",""Motor Vehicle in Motion""]","[""Failure to Yield"",""Other Unit Contributed to Crash""]","[""Motor Vehicle in Motion"",""Pedal-Cycle""]"
0,1,"Atlanta Police Department","11/07/2024","Hill St Se and Memorial Dr Se","(B) Suspected Minor/Visible Injury","Daylight","On Roadway - Roadway Intersection","Not a Collision with Motor Vehicle","Memorial Dr Se","Wet","08:32:00","[""Lap and Shoulder Belt Used"",""Bicycle Helmet""]","Rain",0,33.74685364,-84.37930164,"Atlanta","Fulton","[""Motor Vehicle in Motion"",""Pedal-Cycle""]","[""Under the Influence (U.I.)"",""Failure to Yield"",""Other Unit Contributed to Crash""]","[""Motor Vehicle in Motion"",""Pedal-Cycle""]"
0,0,"Atlanta Police Department","11/13/2024","Memorial Dr Se and Oakland Ave Se","(C) Possible Injury / Complaint","Dark-Lighted","On Roadway - Roadway Intersection","Not a Collision with Motor Vehicle","Oakland Ave Se","Dry","17:10:00","[""Unknown"",""Unknown""]","Cloudy",0,33.74679473,-84.37517878,"Atlanta","Fulton","[""Pedal-Cycle"",""Pedal-Cycle""]","[""Failure to Yield"",""Driver Condition""]","[""Pedal-Cycle"",""Pedal-Cycle""]"
0,1,"Gsp Post 00","11/13/2024","United Ave Se and Ormewood Ave Se","(B) Suspected Minor/Visible Injury","Dark-Not Lighted","On Roadway - Roadway Intersection","Not a Collision with Motor Vehicle","United Ave Se","Dry","18:52:00","[""Lap and Shoulder Belt Used"",""Bicycle Helmet""]","Clear",0,33.73366952,-84.36490193,"Atlanta","Fulton","[""Pedal-Cycle"",""Motor Vehicle in Motion""]",,"[""Pedal-Cycle"",""Motor Vehicle in Motion""]"
0,1,"Atlanta Police Department","11/15/2024","North Ave Ne and N Angier Ave Ne","(B) Suspected Minor/Visible Injury","Daylight","On Roadway - Roadway Intersection","Not a Collision with Motor Vehicle","North Ave Ne","Dry","09:50:00","[""Lap and Shoulder Belt Used"",""None Used""]","Clear",0,33.77112624,-84.36493481,"Atlanta","Fulton","[""Motor Vehicle in Motion"",""Motor Vehicle in Motion""]","[""Disregard Other Traffic Control"",""Other Unit Contributed to Crash""]","[""Pedestrian"",""Pedal-Cycle""]"
0,0,"Atlanta Police Department","11/15/2024","Cascade Ave Sw and Ralph David Abernathy Blvd Sw","(O) No Injury","Daylight","On Roadway - Roadway Intersection","Not a Collision with Motor Vehicle","Ralph David Abernathy Blvd Sw","Dry","16:44:00","[""Lap and Shoulder Belt Used"",""None Used""]","Clear",0,33.73905611,-84.43372515,"Atlanta","Fulton","[""Pedal-Cycle"",""Motor Vehicle in Motion""]","[""Other Unit Contributed to Crash"",""Aggressive Driving""]","[""Pedal-Cycle"",""Pedal-Cycle""]"
0,0,"Atlanta Police Department","11/18/2024","Livermore St Se and Lakewood Ave Se","(C) Possible Injury / Complaint","Dark-Lighted","On Roadway - Roadway Intersection","Not a Collision with Motor Vehicle","Lakewood Ave Se","Dry","20:56:00","[""Unknown"",""None Used""]","Clear",0,33.70793894,-84.37999452,"Atlanta","Fulton","[""Pedal-Cycle"",""Motor Vehicle in Motion""]","[""Failure to Yield"",""Other Unit Contributed to Crash""]","Pedal-Cycle"
0,1,"Atlanta Police Department","11/18/2024","Jackson St Ne and Edgewood Ave Se","(B) Suspected Minor/Visible Injury","Dark-Not Lighted","On Roadway - Roadway Intersection","Not a Collision with Motor Vehicle","Edgewood Ave Se","Dry","18:58:00","[""Unknown"",""Bicycle Helmet""]","Clear",0,33.75433724,-84.37437179,"Atlanta","Fulton","[""Motor Vehicle in Motion"",""Pedal-Cycle""]","Failure to Yield","[""Motor Vehicle in Motion"",""Pedal-Cycle""]"
0,1,"Atlanta Police Department","11/18/2024","Lucile Ave Sw and Mathewson Pl Sw","(B) Suspected Minor/Visible Injury","Daylight","On Roadway - Non-Intersection","Not a Collision with Motor Vehicle","Lucile Ave Sw","Dry","07:00:00","[""Unknown"",""None Used""]","Clear",0,33.74277472,-84.43651961,"Atlanta","Fulton","[""Motor Vehicle in Motion"",""Pedal-Cycle""]","Following Too Close","[""Motor Vehicle in Motion"",""Pedal-Cycle""]"
0,1,"Emory Police Department","11/20/2024","Clifton Rd Ne and Woodruff Cir Ne","(B) Suspected Minor/Visible Injury","Daylight","On Roadway - In Crosswalk","Not a Collision with Motor Vehicle","Clifton Rd Ne","Dry","12:50:00","[""Unknown"",""Unknown"",""None Used"",""Unknown""]","Clear",0,33.79309861,-84.32098058,"Atlanta","DeKalb","[""Motor Vehicle in Motion"",""Motor Vehicle in Motion"",""Motor Vehicle in Motion""]","[""Failure to Yield"",""Other Unit Contributed to Crash"",""Other Unit Contributed to Crash""]","[""Motor Vehicle in Motion"",""Motor Vehicle in Motion"",""Pedal-Cycle""]"
0,0,"Atlanta Police Department","11/25/2024","Hill St Se and Martin Luther King Jr Dr Se","(O) No Injury","Daylight","On Roadway - Roadway Intersection","Not a Collision with Motor Vehicle","Martin Luther King Jr Dr Se","Dry","15:43:00","[""Lap and Shoulder Belt Used"",""Bicycle Helmet""]","Clear",0,33.74739274,-84.3793227,"Atlanta","Fulton","[""Motor Vehicle in Motion"",""Pedal-Cycle""]","Misjudged Clearance","[""Motor Vehicle in Motion"",""Pedal-Cycle""]"