"# Serious Injuries","# Visible Injuries","Agency Name (Crash Level) ","Date","Intersection Name (from Crash Report)","KABCO Severity","Light Conditions (Crash Level)","Location at Impact (Crash Level) ","Manner of Collision (Crash Level) ","Roadway (From Crash Report)","Surface Condition (Crash Level) ","Time","Safety Equipment (Crash Level) ","Weather Conditions (Crash Level)","# of Fatalities per Crash","Latitude","Longitude","Geolocated City","Geolocated County","First Harmful Event (Unit Order)","Operator/Pedestrian Contrib Factor (excl None, Other, No Contrib Factors)","Most Harmful Event (Crash Level)"
0,0,"Atlanta Police Department","11/26/2024","N Pelham Rd Ne and N Morningside Dr Ne","(C) Possible Injury / Complaint","Daylight","On Roadway - Roundabout","Not a Collision with Motor Vehicle","N Pelham Rd Ne","Dry","13:15:00","[""Unknown"",""Bicycle Helmet""]","Clear",0,33.79790058,-84.35924078,"Atlanta","Fulton","[""Pedal-Cycle"",""Pedal-Cycle""]","[""Inattentive or Other Distraction (Distracted)"",""Other Unit Contributed to Crash""]","[""Pedal-Cycle"",""Pedal-Cycle""]"
0,0,"Atlanta Police Department","11/26/2024","Spring St Nw and Ponce De Leon Ave Nw","(O) No Injury","Daylight","On Roadway - Roadway Intersection","Not a Collision with Motor Vehicle","Ponce De Leon Ave Nw","Dry","11:00:00","[""Lap and Shoulder Belt Used"",""Lap and Shoulder Belt Used""]","Clear",0,33.77242016,-84.38871983,"Atlanta","Fulton","[""Motor Vehicle in Motion"",""Motor Vehicle in Motion""]",,"[""Motor Vehicle in Motion"",""Pedal-Cycle""]"
0,0,"Atlanta Police Department","11/30/2024","Hansell St Se and Glenwood Ave Se","(C) Possible Injury / Complaint","Daylight","On Roadway - Bicycle Lane","Not a Collision with Motor Vehicle","Glenwood Ave Se","Dry","16:42:00","[""Lap and Shoulder Belt Used"",""Lap and Shoulder Belt Used""]","Clear",0,33.74051977,-84.361756,"Atlanta","Fulton","[""Motor Vehicle in Motion"",""Motor Vehicle in Motion""]","Not Visible (Object, Person, or Vehicle)","[""Motor Vehicle in Motion"",""Pedal-Cycle""]"
0,0,"Atlanta Police Department","12/03/2024","Fraser St Se and Ormond St Se","(C) Possible Injury / Complaint","Dusk","On Roadway - Roadway Intersection","Not a Collision with Motor Vehicle","Ormond St Se","Dry","18:03:00","[""Lap and Shoulder Belt Used"",""Bicycle Helmet""]","Clear",0,33.73170501,-84.38630666,"Atlanta","Fulton","[""Motor Vehicle in Motion"",""Pedal-Cycle""]","[""Disregard Stop Sign/Signal"",""Other Unit Contributed to Crash""]","[""Motor Vehicle in Motion"",""Pedal-Cycle""]"
0,1,"Atlanta Police Department","12/03/2024","6Th St Ne and Peachtree St Ne","(B) Suspected Minor/Visible Injury","Dark-Lighted","On Roadway - In Crosswalk","Not a Collision with Motor Vehicle","6Th St Ne","Dry","17:29:00","[""Unknown"",""Unknown""]","Clear",0,33.77735588,-84.38441706,"Atlanta","Fulton","[""Motor Vehicle in Motion"",""Motor Vehicle in Motion""]","[""Disregard Other Traffic Control"",""Other Unit Contributed to Crash""]","[""Pedal-Cycle"",""Motor Vehicle in Motion""]"
0,0,"Atlanta Police Department","12/03/2024","Atwood St Sw and Ralph David Abernathy Blvd Sw","(C) Possible Injury / Complaint","Dark-Not Lighted","On Roadway - Roadway Intersection","Not a Collision with Motor Vehicle","Atwood St Sw","Dry","19:20:00","None Used","Clear",0,33.73882236,-84.42933541,"Atlanta","Fulton","[""Motor Vehicle in Motion"",""Motor Vehicle in Motion""]","Failure to Yield","[""Motor Vehicle in Motion"",""Pedal-Cycle""]"
0,0,"Atlanta Police Department","12/03/2024","Decatur St Se and Bradley St Se","(O) No Injury","Daylight","On Roadway - Roadway Intersection","Not a Collision with Motor Vehicle","Bradley St Se","Dry","16:51:00","[""Unknown"",""None Used""]","Clear",0,33.75217072,-84.3688413,"Atlanta","Fulton","[""Motor Vehicle in Motion"",""Pedal-Cycle""]","[""Failure to Yield"",""Not Visible (Object, Person, or Vehicle)""]","[""Motor Vehicle in Motion"",""Pedal-Cycle""]"
0,0,"Atlanta Police Department","12/09/2024","Berne St Se and Boulevard Se","(C) Possible Injury / Complaint","Daylight","On Roadway - Roadway Intersection","Angle Crash","Boulevard Se","Wet","07:55:00","[""Lap and Shoulder Belt Used"",""Lap and Shoulder Belt Used"",""Lap and Shoulder Belt Used"",""Bicycle Helmet""]","Rain",0,33.73683254,-84.36821246,"Atlanta","Fulton","[""Motor Vehicle in Motion"",""Motor Vehicle in Motion"",""Motor Vehicle in Motion"",""Pedal-Cycle""]","[""Failure to Yield"",""Other Unit Contributed to Crash"",""Other Unit Contributed to Crash"",""Other Unit Contributed to Crash""]","[""Motor Vehicle in Motion"",""Motor Vehicle in Motion"",""Motor Vehicle in Motion"",""Pedal-Cycle""]"
0,0,"Atlanta Police Department","12/12/2024","Wade St Ne and Moreland Ave Ne","(O) No Injury","Daylight","On Roadway - Non-Intersection","Not a Collision with Motor Vehicle","Moreland Ave Ne","Dry","17:29:00","[""Lap and Shoulder Belt Used"",""Bicycle Helmet""]","Clear",0,33.75625056,-84.34921866,"Atlanta","Fulton","[""Pedal-Cycle"",""Motor Vehicle in Motion""]","[""Other Unit Contributed to Crash"",""Other Unit Contributed to Crash""]","[""Pedal-Cycle"",""Pedal-Cycle""]"
0,0,"Atlanta Police Department","12/13/2024","Ted Turner Dr Nw and John Portman Blvd","(C) Possible Injury / Complaint","Daylight","On Roadway - Roadway Intersection","Not a Collision with Motor Vehicle","Ted Turner Dr Nw","Dry","08:45:00","[""Unknown"",""Bicycle Helmet""]","Clear",0,33.76098854,-84.38904642,"Atlanta","Fulton","[""Motor Vehicle in Motion"",""Pedal-Cycle""]","Misjudged Clearance","[""Motor Vehicle in Motion"",""Pedal-Cycle""]"
1,0,"Atlanta Police Department","12/16/2024","I-75 S and 10Th St Nw","(A) Suspected Serious Injury","Dark-Lighted","On Roadway - Roadway Intersection","Not a Collision with Motor Vehicle","10Th St Nw","Dry","00:10:00","[""Unknown"",""None Used""]","Cloudy",0,33.78154622,-84.39160935,"Atlanta","Fulton","[""Pedal-Cycle"",""Motor Vehicle in Motion""]","[""Other Unit Contributed to Crash"",""Failure to Yield""]","[""Pedal-Cycle"",""Pedal-Cycle""]"
0,0,"Atlanta Police Department","12/17/2024","14Th St Nw and Spring St Nw","(C) Possible Injury / Complaint","Dark-Lighted","On Roadway - In Crosswalk","Not a Collision with Motor Vehicle","14Th St Nw","Dry","23:19:00","[""Lap and Shoulder Belt Used"",""None Used""]","Cloudy",0,33.78658537,-84.38924808,"Atlanta","Fulton","[""Pedal-Cycle"",""Motor Vehicle in Motion""]","[""Other Unit Contributed to Crash"",""Disregard Other Traffic Control""]","[""Motor Vehicle in Motion"",""Pedal-Cycle""]"
0,0,"Atlanta Police Department","12/19/2024","Alpine Rd Ne and Piedmont Rd Ne","(C) Possible Injury / Complaint","Daylight","On Roadway - Roadway Intersection","Not a Collision with Motor Vehicle","Alpine Rd Ne","Dry","08:30:00","[""Unknown"",""Unknown""]","Clear",0,33.82962304,-84.36777067,"Atlanta","Fulton","[""Pedestrian"",""Motor Vehicle in Motion""]","[""Wrong Side of Road"",""Other Unit Contributed to Crash""]","[""Pedal-Cycle"",""Motor Vehicle in Motion""]"
0,0,"Atlanta Police Department","12/19/2024","Williams St Nw and Ivan Allen Jr Blvd Nw","(O) No Injury","Daylight","On Roadway - Driveway Intersection","Not a Collision with Motor Vehicle","Ivan Allen Jr Blvd Nw","Dry","16:00:00","None Used","Clear",0,33.76465075,-84.3903492,"Atlanta","Fulton","[""Motor Vehicle in Motion"",""Motor Vehicle in Motion""]","[""Disregard Stop Sign/Signal"",""Other Unit Contributed to Crash""]","Pedal-Cycle"
0,0,"Atlanta Police Department","12/21/2024","Josephine St Ne and Moreland Ave Ne","(O) No Injury","Daylight","On Roadway - Roadway Intersection","Not a Collision with Motor Vehicle","Moreland Ave Ne","Dry","11:24:00","[""Unknown"",""Unknown""]","Clear",0,33.76218106,-84.3491659,"Atlanta","DeKalb","[""Other Object (Not Fixed)"",""Other Object (Not Fixed)""]","[""Failure to Yield"",""Other Unit Contributed to Crash""]","[""Pedestrian"",""Pedal-Cycle""]"
0,0,"Atlanta Police Department","12/21/2024","14Th St Nw and Mecaslin St Nw","(C) Possible Injury / Complaint","Dark-Lighted","On Roadway - In Crosswalk","Not a Collision with Motor Vehicle","Mecaslin St Nw","Dry","22:20:00","[""None Used"",""Lap and Shoulder Belt Used""]","Cloudy",0,33.78619518,-84.39979519,"Atlanta","Fulton","[""Motor Vehicle in Motion"",""Pedal-Cycle""]","[""Disregard Other Traffic Control"",""Other Unit Contributed to Crash""]","[""Pedal-Cycle"",""Motor Vehicle in Motion""]"
0,0,"Atlanta Police Department","12/22/2024","Marietta St Nw and Andrew Young International Blvd Nw","(C) Possible Injury / Complaint","Daylight","On Roadway - Non-Intersection","Not a Collision with Motor Vehicle","Marietta St Nw","Dry","17:15:00","Unknown","Clear",0,33.7588119,-84.39422883,"Atlanta","Fulton","[""Motor Vehicle in Motion"",""Pedal-Cycle""]","[""Other Unit Contributed to Crash"",""Reckless Driving""]","[""Motor Vehicle in Motion"",""Pedal-Cycle""]"
0,1,"Atlanta Police Department","12/25/2024","Burre Ln Sw and Bakers Ferry Rd Sw","(B) Suspected Minor/Visible Injury","Daylight","On Roadway - In Crosswalk","Not a Collision with Motor Vehicle","Burre Ln Sw","Dry","14:50:00","[""Lap and Shoulder Belt Used"",""None Used"",""None Used""]","Clear",0,33.75551393,-84.51707267,"Atlanta","Fulton","[""Motor Vehicle in Motion"",""Motor Vehicle in Motion"",""Motor Vehicle in Motion""]","Not Visible (Object, Person, or Vehicle)","[""Motor Vehicle in Motion"",""Motor Vehicle in Motion"",""Pedal-Cycle""]"
0,0,"Atlanta Police Department","12/31/2024","400 and Peachtree Rd Ne","(O) No Injury","Daylight","On Roadway - Bicycle Lane","Not a Collision with Motor Vehicle","Peachtree Rd Ne","Dry","14:30:00","[""Lap and Shoulder Belt Used"",""Lap and Shoulder Belt Used""]","Clear",0,33.84817905,-84.36685514,"Atlanta","Fulton","[""Motor Vehicle in Motion"",""Motor Vehicle in Motion""]","[""Other Unit Contributed to Crash"",""Other Unit Contributed to Crash""]","[""Motor Vehicle in Motion"",""Pedal-Cycle""]"
0,0,"Atlanta Police Department","12/31/2024","Hoke St Nw and Northside Dr Nw","(O) No Injury","Dark-Lighted","Off Roadway - Sidewalk","Not a Collision with Motor Vehicle","Northside Dr Nw","Dry","21:50:00","[""None Used"",""Unknown"",""Unknown""]","Clear",0,33.79189731,-84.40784371,"Atlanta","Fulton","[""Pedal-Cycle"",""Pedal-Cycle""]","Not Visible (Object, Person, or Vehicle)","[""Pedal-Cycle"",""Pedal-Cycle""]"
1,0,"Georgia Tech Police Department","01/16/2025","Tech Parkway and Northside Drive","(A) Suspected Serious Injury","Daylight","On Roadway - In Crosswalk","Angle Crash","Tech Parkway","Dry","10:52:00","[""None Used"",""Lap and Shoulder Belt Used"",""Lap and Shoulder Belt Used""]","Clear",0,33.77634605,-84.40588999,"Atlanta","Fulton","[""Motor Vehicle in Motion"",""Pedal-Cycle""]","[""Failure to Yield"",""Other Unit Contributed to Crash""]","[""Pedal-Cycle"",""Pedal-Cycle""]"
1,0,"Atlanta Police Department","01/17/2025","Penn Ave Ne and Ponce De Leon Ave Ne","(A) Suspected Serious Injury","Dark-Lighted","On Roadway - Roadway Intersection","Not a Collision with Motor Vehicle","Penn Ave Ne","Dry","22:00:00","[""Unknown"",""Unknown""]","Clear",0,33.7725835,-84.37901369,"Atlanta","Fulton","[""Motor Vehicle in Motion"",""Motor Vehicle in Motion""]","[""Failure to Yield"",""Other Unit Contributed to Crash""]","[""Pedestrian"",""Pedal-Cycle""]"
0,1,"Atlanta Police Department","01/30/2025","11Th St Ne and W Peachtree St Nw","(B) Suspected Minor/Visible Injury","Dark-Not Lighted","On Roadway - In Crosswalk","Not a Collision with Motor Vehicle","11Th St Ne","Dry","21:45:00","Unknown","Clear",0,33.78325764,-84.38783436,"Atlanta","Fulton","[""Motor Vehicle in Motion"",""Pedal-Cycle""]","[""Failure to Yield"",""Other Unit Contributed to Crash""]","[""Motor Vehicle in Motion"",""Pedal-Cycle""]"
0,0,"Atlanta Police Department","01/31/2025","Lee St Sw and W Whitehall St Sw","(O) No Injury","Dark-Not Lighted","On Roadway - Roadway Intersection","Angle Crash","Lee St Sw","Wet","19:02:00","[""Lap and Shoulder Belt Used"",""Lap and Shoulder Belt Used"",""None Used"",""Lap and Shoulder Belt Used""]","Cloudy",0,33.73207321,-84.41379985,"Atlanta","Fulton","[""Pedal-Cycle"",""Pedal-Cycle"",""Pedal-Cycle""]","[""Disregard Stop Sign/Signal"",""Too Fast for Conditions"",""Other Unit Contributed to Crash"",""Other Unit Contributed to Crash""]","[""Pedal-Cycle"",""Pedal-Cycle""]"
1,0,"Atlanta Police Department","02/02/2025","Pryor St Sw and Rawson St Sw","(A) Suspected Serious Injury","Dark-Lighted","On Roadway - Non-Intersection","Not a Collision with Motor Vehicle","Pryor St Sw","Dry","02:58:00","[""Lap and Shoulder Belt Used"",""None Used""]","Clear",0,33.74420984,-84.3944716,"Atlanta","Fulton","[""Pedal-Cycle"",""Motor Vehicle in Motion""]","[""Reckless Driving"",""Changed Lanes Improperly"",""Driver Lost Control - Impairment Related""]","[""Pedal-Cycle"",""Pedal-Cycle""]"
0,1,"Atlanta Police Department","02/04/2025","Clifton Rd Ne and Ponce De Leon Ave Ne","(B) Suspected Minor/Visible Injury","Daylight","On Roadway - Roadway Intersection","Not a Collision with Motor Vehicle","Ponce De Leon Ave Ne","Dry","17:23:00","[""Unknown"",""Bicycle Helmet""]","Clear",0,33.77377353,-84.33121093,"Atlanta","DeKalb","[""Motor Vehicle in Motion"",""Motor Vehicle in Motion""]",,"[""Pedal-Cycle"",""Pedal-Cycle""]"
0,1,"Atlanta Police Department","02/06/2025","Memorial Dr Se and Oakland Ave Se","(B) Suspected Minor/Visible Injury","Dark-Lighted","On Roadway - Bicycle Lane","Not a Collision with Motor Vehicle","Oakland Ave Se","Dry","15:30:00","[""Lap and Shoulder Belt Used"",""Booster Seat (Properly Used)""]","Clear",0,33.74679472,-84.37517779,"Atlanta","Fulton","[""Motor Vehicle in Motion"",""Motor Vehicle in Motion""]","[""Failure to Yield"",""Not Visible (Object, Person, or Vehicle)""]","[""Motor Vehicle in Motion"",""Pedal-Cycle""]"
0,0,"Georgia Tech Police Department","02/10/2025","Plum Street and Ferst Drive","(C) Possible Injury / Complaint","Daylight","On Roadway - Roadway Intersection","Angle Crash","Ferst Drive","Dry","09:16:00","[""Lap and Shoulder Belt Used"",""Lap and Shoulder Belt Used"",""Bicycle Helmet""]","Cloudy",0,33.77815154,-84.39643006,"Atlanta","Fulton","[""Motor Vehicle in Motion"",""Pedal-Cycle""]","[""Failure to Yield"",""Other Unit Contributed to Crash""]","[""Motor Vehicle in Motion"",""Pedal-Cycle""]"
0,0,"Atlanta Police Department","02/13/2025","17Th St Ne and Peachtree St Ne","(C) Possible Injury / Complaint","Daylight","On Roadway - Driveway Intersection","Not a Collision with Motor Vehicle","Peachtree St Ne","Wet","08:35:00","[""Lap and Shoulder Belt Used"",""None Used""]","Cloudy",0,33.79169803,-84.38584112,"Atlanta","Fulton","[""Motor Vehicle in Motion"",""Pedal-Cycle""]","Other Unit Contributed to Crash","[""Motor Vehicle in Motion"",""Pedal-Cycle""]"
0,1,"Atlanta Police Department","02/16/2025","Piedmont Rd Ne and Lakeshore Dr Ne","(B) Suspected Minor/Visible Injury","Daylight","On Roadway - Roadway Intersection","Not a Collision with Motor Vehicle","Piedmont Rd Ne","Dry","16:58:00","[""Unknown"",""Unknown""]","Clear",0,33.81584429,-84.36661979,"Atlanta","Fulton","[""Motor Vehicle in Motion"",""Motor Vehicle in Motion""]","[""Improper Turn"",""Other Unit Contributed to Crash""]","[""Motor Vehicle in Motion"",""Pedal-Cycle""]"
0,0,"Georgia Tech Police Department","02/16/2025","Regents Dr Nw and Ferst Drive Nw","(C) Possible Injury / Complaint","Daylight","On Roadway - In Crosswalk","Not a Collision with Motor Vehicle","Ferst Drive Nw","Wet","09:29:00","[""None Used"",""Unknown""]","Cloudy",0,33.77611196,-84.40249046,"Atlanta","Fulton","[""Motor Vehicle in Motion"",""Pedal-Cycle""]","[""Disregard Other Traffic Control"",""Other Unit Contributed to Crash""]","[""Pedal-Cycle"",""Pedal-Cycle""]"
0,0,"Atlanta Police Department","02/17/2025","Fort St Ne and Memorial Dr Se","(C) Possible Injury / Complaint","Daylight","On Roadway - Bicycle Lane","Not a Collision with Motor Vehicle","Memorial Dr Se","Dry","13:06:00","[""Lap and Shoulder Belt Used"",""Bicycle Helmet""]","Clear",0,33.74683882,-84.3781278,"Atlanta","Fulton","[""Motor Vehicle in Motion"",""Pedal-Cycle""]","[""Failure to Yield"",""Other Unit Contributed to Crash""]","[""Motor Vehicle in Motion"",""Pedal-Cycle""]"
0,0,"Atlanta Police Department","02/27/2025","Jett St Nw and Joseph E Lowery Blvd Nw","(C) Possible Injury / Complaint","Daylight","On Roadway - Non-Intersection","Not a Collision with Motor Vehicle","Joseph E Lowery Blvd Nw","Dry","17:08:00","[""Unknown"",""Unknown""]","Clear",0,33.76708562,-84.41743955,"Atlanta","Fulton","[""Motor Vehicle in Motion"",""Pedal-Cycle""]","[""Other Unit Contributed to Crash"",""Following Too Close""]","[""Motor Vehicle in Motion"",""Pedal-Cycle""]"
0,0,"Atlanta Police Department","02/27/2025","Chester Ave Se and Glenwood Ave Se","(C) Possible Injury / Complaint","Daylight","On Roadway - Bicycle Lane","Not a Collision with Motor Vehicle","Glenwood Ave Se","Dry","08:45:00","[""Unknown"",""None Used""]","Clear",0,33.74008917,-84.36020039,"Atlanta","Fulton","[""Motor Vehicle in Motion"",""Pedal-Cycle""]","[""Failure to Yield"",""Other Unit Contributed to Crash""]","[""Motor Vehicle in Motion"",""Pedal-Cycle""]"
0,0,"Atlanta Police Department","02/27/2025","Powell St Se and Memorial Dr Se","(C) Possible Injury / Complaint","Daylight","On Roadway - Bicycle Lane","Not a Collision with Motor Vehicle","Powell St Se","Dry","08:30:00","[""Lap and Shoulder Belt Used"",""Unknown""]","Clear",0,33.74667868,-84.36570456,"Atlanta","Fulton","[""Pedal-Cycle"",""Pedal-Cycle""]","[""Failure to Yield"",""Other Unit Contributed to Crash""]","[""Motor Vehicle in Motion"",""Pedal-Cycle""]"
0,0,"Atlanta Police Department","03/01/2025","Parkway Dr Ne and Ponce De Leon Ave Ne","(C) Possible Injury / Complaint","Dark-Lighted","On Roadway - Non-Intersection","Not a Collision with Motor Vehicle","Parkway Dr Ne","Dry","19:29:00","[""Lap and Shoulder Belt Used"",""Non-Motorist Lighting""]","Clear",0,33.77314991,-84.3727848,"Atlanta","Fulton","[""Motor Vehicle in Motion"",""Motor Vehicle in Motion""]","[""Other Unit Contributed to Crash"",""Failure to Yield""]","[""Motor Vehicle in Motion"",""Pedal-Cycle""]"
0,0,"Atlanta Police Department","03/01/2025","Victor St Se and Hosea L Williams Dr Se","(C) Possible Injury / Complaint","Daylight","On Roadway - Bicycle Lane","Not a Collision with Motor Vehicle","Hosea L Williams Dr Se","Dry","15:23:00","[""Lap and Shoulder Belt Used"",""Lap and Shoulder Belt Used""]","Clear",0,33.75338689,-84.32844085,"Atlanta","DeKalb","[""Pedal-Cycle"",""Motor Vehicle in Motion""]","[""Failure to Yield"",""Other Unit Contributed to Crash""]","[""Pedal-Cycle"",""Pedal-Cycle""]"
0,0,"Atlanta Police Department","03/03/2025","Spencer St Nw and James P Brawley Dr Nw","(C) Possible Injury / Complaint","Daylight","On Roadway - Roadway Intersection","Not a Collision with Motor Vehicle","Spencer St Nw","Dry","09:09:00","[""Lap and Shoulder Belt Used"",""None Used"",""Reflective: Clothing/Backpack/Equipment""]","Clear",0,33.75992571,-84.41266079,"Atlanta","Fulton","[""Motor Vehicle in Motion"",""Pedal-Cycle"",""Motor Vehicle in Motion""]","Failure to Yield","[""Motor Vehicle in Motion"",""Pedal-Cycle"",""Motor Vehicle in Motion""]"
1,0,"Atlanta Police Department","03/05/2025","8Th St Ne and W Peachtree St Ne","(A) Suspected Serious Injury","Daylight","On Roadway - Roadway Intersection","Not a Collision with Motor Vehicle","W Peachtree St Ne","Dry","09:40:00","[""Bicycle Helmet"",""Lap and Shoulder Belt Used""]","Cloudy",0,33.77953272,-84.38727447,"Atlanta","Fulton","[""Pedal-Cycle"",""Motor Vehicle in Motion""]",,"[""Pedal-Cycle"",""Motor Vehicle in Motion""]"
0,0,"Atlanta Police Department","03/06/2025","Armstrong St Se and Piedmont Ave Se","(C) Possible Injury / Complaint","Daylight","Off Roadway - Sidewalk","Not a Collision with Motor Vehicle","Piedmont Ave Se","Other","16:30:00","[""Unknown"",""Unknown""]","Other",0,33.75357759,-84.38313833,"Atlanta","Fulton","[""Other - Fixed Object"",""Motor Vehicle in Motion""]","[""Vision Obscured"",""Vision Obscured""]","[""Pedal-Cycle"",""Motor Vehicle in Motion""]"
0,0,"Atlanta Police Department","03/06/2025","Peyton Rd Sw and Martin Luther King Jr Dr Sw","(C) Possible Injury / Complaint","Daylight","On Roadway - In Crosswalk","Not a Collision with Motor Vehicle","Peyton Rd Sw","Dry","16:25:00","[""Lap and Shoulder Belt Used"",""None Used""]","Clear",0,33.75206238,-84.4680978,"Atlanta","Fulton","[""Pedal-Cycle"",""Pedal-Cycle""]",,"[""Pedal-Cycle"",""Pedal-Cycle""]"
0,0,"Atlanta Police Department","03/09/2025","Northside Dr Nw and Ivan Allen Jr Blvd Nw","(C) Possible Injury / Complaint","Dark-Not Lighted","On Roadway - Roadway Intersection","Not a Collision with Motor Vehicle","Ivan Allen Jr Blvd Nw","Dry","14:45:00","[""Unknown"",""Unknown""]","Clear",0,33.76348339,-84.40296766,"Atlanta","Fulton","[""Motor Vehicle in Motion"",""Motor Vehicle in Motion""]","Other Unit Contributed to Crash","[""Motor Vehicle in Motion"",""Pedal-Cycle""]"
0,1,"Atlanta Police Department","03/09/2025","Devon Dr Sw and Landrum Dr Sw","(B) Suspected Minor/Visible Injury","Dark-Lighted","On Roadway - Driveway Intersection","Not a Collision with Motor Vehicle","Landrum Dr Sw","Dry","21:00:00","[""Unknown"",""Unknown""]","Clear",0,33.70634055,-84.48405643,"Atlanta","Fulton","[""Motor Vehicle in Motion"",""Motor Vehicle in Motion""]","[""Misjudged Clearance"",""Misjudged Clearance""]","[""Motor Vehicle in Motion"",""Pedal-Cycle""]"
0,0,"Georgia Tech Police Department","03/09/2025","Northside and 14Th Street","(O) No Injury","Dark-Lighted","On Roadway - Non-Intersection","Rear End","Northside","Dry","00:20:00","[""Unknown"",""Unknown""]","Clear",0,33.78568204,-84.40744906,"Atlanta","Fulton","[""Motor Vehicle in Motion"",""Parked Motor Vehicle""]",,
0,1,"Atlanta Police Department","03/13/2025","Lindridge Dr Ne and Lindbergh Dr Ne","(B) Suspected Minor/Visible Injury","Daylight","On Roadway - Roadway Intersection","Not a Collision with Motor Vehicle","Lindbergh Dr Ne","Dry","15:30:00","[""Unknown"",""Unknown"",""Unknown""]","Clear",0,33.82003708,-84.35637893,"Atlanta","Fulton","[""Pedal-Cycle"",""Pedal-Cycle""]","[""Other Unit Contributed to Crash"",""Misjudged Clearance""]","[""Pedal-Cycle"",""Pedal-Cycle""]"
0,0,"Atlanta Police Department","03/13/2025","Trinity Ave Sw and Memorial Dr Sw","(C) Possible Injury / Complaint","Daylight","On Roadway - Non-Intersection","Not a Collision with Motor Vehicle","Memorial Dr Sw","Dry","13:41:00","[""Unknown"",""Unknown""]","Clear",0,33.74691831,-84.3896698,"Atlanta","Fulton","[""Other Non-Collision"",""Other Non-Collision""]","Failure to Yield","[""Motor Vehicle in Motion"",""Pedal-Cycle""]"
0,0,"Atlanta Police Department","03/17/2025","Avon Ave Sw and Wyland Dr Sw","(C) Possible Injury / Complaint","Daylight","On Roadway - Bicycle Lane","Not a Collision with Motor Vehicle","Avon Ave Sw","Dry","18:15:00","[""Unknown"",""None Used""]","Clear",0,33.72235277,-84.43030292,"Atlanta","Fulton","[""Motor Vehicle in Motion"",""Motor Vehicle in Motion""]","[""Not Visible (Object, Person, or Vehicle)"",""Not Visible (Object, Person, or Vehicle)""]","[""Motor Vehicle in Motion"",""Pedal-Cycle""]"
0,0,"Atlanta Police Department","03/17/2025","Wylie St Se and Atlanta Beltline Eastside Trl","(O) No Injury","Daylight","On Roadway - In Crosswalk","Not a Collision with Motor Vehicle","Wylie St Se","Dry","17:41:00","[""Unknown"",""Unknown""]","Clear",0,33.75252292,-84.35707511,"Atlanta","Fulton","[""Motor Vehicle in Motion"",""Pedal-Cycle""]","[""Vision Obscured"",""Other Unit Contributed to Crash""]","[""Motor Vehicle in Motion"",""Pedal-Cycle""]"
0,1,"Atlanta Police Department","03/22/2025","Mill Walk Nw and Moores Mill Rd Nw","(B) Suspected Minor/Visible Injury","Daylight","On Roadway - Bicycle Lane","Not a Collision with Motor Vehicle","Moores Mill Rd Nw","Dry","17:24:00","[""Unknown"",""Bicycle Helmet""]","Clear",0,33.84287522,-84.41124048,"Atlanta","Fulton","[""Pedal-Cycle"",""Motor Vehicle in Motion""]","[""Driver Lost Control - Distraction Related"",""Other Unit Contributed to Crash""]","[""Pedal-Cycle"",""Pedal-Cycle""]"
0,1,"Atlanta Police Department","03/23/2025","Walthall St Se and Arkwright Pl Se","(B) Suspected Minor/Visible Injury","Daylight","On Roadway - Non-Intersection","Not a Collision with Motor Vehicle","Arkwright Pl Se","Dry","10:11:00","Unknown","Clear",0,33.74840026,-84.35160648,"Atlanta","Fulton","[""Pedal-Cycle"",""Pedal-Cycle""]","[""Following Too Close"",""Other Unit Contributed to Crash""]","[""Pedal-Cycle"",""Pedal-Cycle""]"
0,0,"Atlanta Police Department","03/24/2025","17Th St Nw and Commerce St Nw","(O) No Injury","Daylight","Off Roadway","Not a Collision with Motor Vehicle","17Th St Nw","Dry","05:13:00","[""Unknown"",""Unknown""]","Clear",0,33.79119195,-84.39375953,"Atlanta","Fulton","[""Other - Fixed Object"",""Other Non-Collision""]","[""Disregard Other Traffic Control"",""Other Unit Contributed to Crash""]","[""Motor Vehicle in Motion"",""Pedal-Cycle""]"
0,0,"Atlanta Police Department","03/25/2025","Auburn Ave Ne and William Holmes Borders Dr Ne","(C) Possible Injury / Complaint","Dark-Lighted","On Roadway - Roadway Intersection","Not a Collision with Motor Vehicle","William Holmes Borders Dr Ne","Dry","20:00:00","[""Unknown"",""Unknown""]","Clear",0,33.75550023,-84.37551268,"Atlanta","Fulton","[""Motor Vehicle in Motion"",""Pedal-Cycle""]","[""Improper Turn"",""Disregard Other Traffic Control""]","[""Pedal-Cycle"",""Pedal-Cycle""]"
0,0,"Atlanta Police Department","03/27/2025","Ormewood Ave Se and Moreland Ave Se","(C) Possible Injury / Complaint","Dark-Lighted","On Roadway - Roadway Intersection","Not a Collision with Motor Vehicle","Moreland Ave Se","Dry","22:20:00","[""Unknown"",""None Used""]","Clear",0,33.73411585,-84.34932834,"Atlanta","Fulton","[""Pedal-Cycle"",""Pedal-Cycle""]","[""Other Unit Contributed to Crash"",""Disregard Stop Sign/Signal""]","[""Pedal-Cycle"",""Pedal-Cycle""]"