"# Serious Injuries","# Visible Injuries","Agency Name (Crash Level) ","Date","Intersection Name (from Crash Report)","KABCO Severity","Light Conditions (Crash Level)","Location at Impact (Crash Level) ","Manner of Collision (Crash Level) ","Roadway (From Crash Report)","Surface Condition (Crash Level) ","Time","Safety Equipment (Crash Level) ","Weather Conditions (Crash Level)","# of Fatalities per Crash","Latitude","Longitude","Geolocated City","Geolocated County","First Harmful Event (Unit Order)","Operator/Pedestrian Contrib Factor (excl None, Other, No Contrib Factors)","Most Harmful Event (Crash Level)"
1,0,"Atlanta Police Department","03/28/2025","Oak Dr Se and Belfort Rd Se","(A) Suspected Serious Injury","Dark-Not Lighted","On Roadway - Driveway Intersection","Not a Collision with Motor Vehicle","Belfort Rd Se","Dry","22:20:00","[""Unknown"",""Unknown""]","Clear",0,33.66715058,-84.37712157,"Atlanta","Fulton","[""Pedal-Cycle"",""Motor Vehicle in Motion""]","[""Improper Turn"",""Other Unit Contributed to Crash""]","[""Pedal-Cycle"",""Pedal-Cycle""]"
0,0,"Atlanta Police Department","04/02/2025","Piedmont Ave Ne and Ponce De Leon Ave Ne","(C) Possible Injury / Complaint","Daylight","On Roadway - Roadway Intersection","Not a Collision with Motor Vehicle","Ponce De Leon Ave Ne","Dry","17:23:00","[""Lap and Shoulder Belt Used"",""Lap and Shoulder Belt Used""]","Clear",0,33.77247829,-84.38178334,"Atlanta","Fulton","[""Motor Vehicle in Motion"",""Pedal-Cycle""]","[""Failure to Yield"",""Other Unit Contributed to Crash""]","[""Motor Vehicle in Motion"",""Pedal-Cycle""]"
1,0,"Atlanta Police Department","04/02/2025","Fulton St Sw and Windsor St Sw","(A) Suspected Serious Injury","Daylight","On Roadway - Roadway Intersection","Not a Collision with Motor Vehicle","Fulton St Sw","Dry","17:00:00","[""Lap and Shoulder Belt Used"",""None Used""]","Clear",0,33.74201996,-84.39901681,"Atlanta","Fulton","[""Motor Vehicle in Motion"",""Motor Vehicle in Motion""]","[""Failure to Yield"",""Other Unit Contributed to Crash""]","[""Motor Vehicle in Motion"",""Pedal-Cycle""]"
0,0,"Atlanta Police Department","04/03/2025","8Th St Nw and Spring St Nw","(C) Possible Injury / Complaint","Daylight","On Roadway - Bicycle Lane","Not a Collision with Motor Vehicle","Spring St Nw","Dry","09:36:00","[""None Used"",""None Used"",""Bicycle Helmet""]","Clear",0,33.77935452,-84.38878953,"Atlanta","Fulton","[""Pedal-Cycle"",""Pedal-Cycle""]","[""Failure to Yield"",""Other Unit Contributed to Crash""]","[""Pedal-Cycle"",""Pedal-Cycle""]"
0,1,"Atlanta Police Department","04/05/2025","Piedmont Rd Ne and Lindbergh Dr Ne","(B) Suspected Minor/Visible Injury","Daylight","On Roadway - Driveway Intersection","Not a Collision with Motor Vehicle","Lindbergh Dr Ne","Dry","08:50:00","[""Unknown"",""Bicycle Helmet""]","Clear",0,33.82141362,-84.36707574,"Atlanta","Fulton","[""Motor Vehicle in Motion"",""Motor Vehicle in Motion""]","Failure to Yield","[""Motor Vehicle in Motion"",""Pedal-Cycle""]"
0,1,"Atlanta Police Department","04/05/2025","Mell Ave Ne and Dekalb Ave Ne","(B) Suspected Minor/Visible Injury","Daylight","On Roadway - Non-Intersection","Not a Collision with Motor Vehicle","Dekalb Ave Ne","Dry","08:10:00","[""Unknown"",""Unknown""]","Clear",0,33.76234154,-84.33821766,"Atlanta","DeKalb","[""Motor Vehicle in Motion"",""Pedal-Cycle""]","[""Improper Passing"",""Other Unit Contributed to Crash""]","[""Motor Vehicle in Motion"",""Pedal-Cycle""]"
0,0,"Atlanta Police Department","04/06/2025","Boulevard Ne and John Wesley Dobbs Ave Ne","(O) No Injury","Daylight","On Roadway - Roadway Intersection","Not a Collision with Motor Vehicle","Boulevard Ne","Dry","12:08:00","[""Unknown"",""None Used""]","Clear",0,33.75930196,-84.37208767,"Atlanta","Fulton","[""Motor Vehicle in Motion"",""Motor Vehicle in Motion""]","Disregard Other Traffic Control","[""Pedal-Cycle"",""Pedal-Cycle""]"
1,0,"Atlanta Police Department","04/12/2025","10Th St Nw and Techwood Dr Nw","(A) Suspected Serious Injury","Dark-Lighted","On Roadway - Roadway Intersection","Not a Collision with Motor Vehicle","10Th St Nw","Dry","00:19:00","[""Unknown"",""None Used""]","Clear",0,33.78154623,-84.3915988,"Atlanta","Fulton","[""Pedal-Cycle"",""Motor Vehicle in Motion""]","[""Failure to Yield"",""Other Unit Contributed to Crash""]","[""Pedal-Cycle"",""Pedal-Cycle""]"
0,0,"Atlanta Police Department","04/12/2025","La France St Ne and Whitefoord Ave Ne","(O) No Injury","Dark-Lighted","On Roadway - Roadway Intersection","Not a Collision with Motor Vehicle","Whitefoord Ave Ne","Dry","22:00:00","[""Unknown"",""Lap and Shoulder Belt Used""]","Clear",0,33.76046565,-84.34190779,"Atlanta","DeKalb","[""Motor Vehicle in Motion"",""Pedal-Cycle""]","[""Wrong Side of Road"",""Other Unit Contributed to Crash""]","[""Pedal-Cycle"",""Pedal-Cycle""]"
0,0,"Atlanta Police Department","04/13/2025","Lawton St Sw and Ralph David Abernathy Blvd Sw","(C) Possible Injury / Complaint","Daylight","On Roadway - Roadway Intersection","Not a Collision with Motor Vehicle","Ralph David Abernathy Blvd Sw","Dry","18:54:00","[""None Used"",""Unknown""]","Clear",0,33.73838454,-84.42336951,"Atlanta","Fulton","[""Motor Vehicle in Motion"",""Motor Vehicle in Motion""]","Failure to Yield","[""Pedal-Cycle"",""Motor Vehicle in Motion""]"
0,0,"Atlanta Police Department","04/15/2025","Maple Dr Ne and Peachtree Rd Ne","(C) Possible Injury / Complaint","Daylight","On Roadway - In Crosswalk","Not a Collision with Motor Vehicle","Peachtree Rd Ne","Dry","15:34:00","[""Lap and Shoulder Belt Used"",""Bicycle Helmet""]","Clear",0,33.84300471,-84.37253824,"Atlanta","Fulton","[""Motor Vehicle in Motion"",""Motor Vehicle in Motion""]","[""Failure to Yield"",""Other Unit Contributed to Crash""]","[""Motor Vehicle in Motion"",""Pedal-Cycle""]"
0,0,"Atlanta Police Department","04/15/2025","14Th St Ne and Juniper St Ne","(C) Possible Injury / Complaint","Dark-Lighted","On Roadway - Driveway Intersection","Not a Collision with Motor Vehicle","Juniper St Ne","Dry","08:30:00","[""Lap and Shoulder Belt Used"",""None Used""]","Cloudy",0,33.78648889,-84.38136379,"Atlanta","Fulton","[""Motor Vehicle in Motion"",""Motor Vehicle in Motion""]","[""Other Unit Contributed to Crash"",""Wrong Side of Road""]","[""Pedal-Cycle"",""Pedal-Cycle""]"
0,1,"Atlanta Police Department","04/16/2025","Irwin St Ne and Randolph St Ne","(B) Suspected Minor/Visible Injury","Daylight","On Roadway - Roadway Intersection","Not a Collision with Motor Vehicle","Irwin St Ne","Dry","19:14:00","[""Unknown"",""Unknown""]","Clear",0,33.757593,-84.36792596,"Atlanta","Fulton","[""Motor Vehicle in Motion"",""Pedal-Cycle""]","Misjudged Clearance","[""Motor Vehicle in Motion"",""Pedal-Cycle""]"
1,0,"Atlanta Police Department","04/20/2025","Wylie St Se and Moreland Ave Se","(A) Suspected Serious Injury","Dark-Lighted","On Roadway - Roadway Intersection","Not a Collision with Motor Vehicle","Moreland Ave Se","Dry","21:20:00","[""Unknown"",""Unknown""]","Clear",0,33.75240367,-84.34922374,"Atlanta","Fulton","[""Motor Vehicle in Motion"",""Motor Vehicle in Motion""]","Disregard Other Traffic Control","[""Motor Vehicle in Motion"",""Pedal-Cycle""]"
0,0,"Atlanta Police Department","04/22/2025","Drummond St Sw and Joseph E Lowery Blvd Sw","(C) Possible Injury / Complaint","Daylight","On Roadway - Roadway Intersection","Not a Collision with Motor Vehicle","Drummond St Sw","Dry","17:28:00","[""Unknown"",""Unknown""]","Cloudy",0,33.75354997,-84.41756285,"Atlanta","Fulton","[""Motor Vehicle in Motion"",""Motor Vehicle in Motion""]","Failure to Yield","[""Motor Vehicle in Motion"",""Pedal-Cycle""]"
0,0,"Atlanta Police Department","04/22/2025","3Rd St Ne and Juniper St Ne","(C) Possible Injury / Complaint","Daylight","Off Roadway - Sidewalk","Not a Collision with Motor Vehicle","Juniper St Ne","Dry","11:16:00","[""Unknown"",""Unknown""]","Clear",0,33.77415209,-84.38313938,"Atlanta","Fulton","[""Motor Vehicle in Motion"",""Pedal-Cycle""]","[""Failure to Yield"",""Other Unit Contributed to Crash""]","[""Motor Vehicle in Motion"",""Pedal-Cycle""]"
0,0,"Atlanta Police Department","04/26/2025","Parsons St Sw and Joseph E Lowery Blvd Sw","(C) Possible Injury / Complaint","Dark-Lighted","On Roadway - Roadway Intersection","Not a Collision with Motor Vehicle","Joseph E Lowery Blvd Sw","Dry","03:06:00","[""Lap and Shoulder Belt Used"",""None Used""]","Clear",0,33.75067354,-84.41754122,"Atlanta","Fulton","[""Motor Vehicle in Motion"",""Pedal-Cycle""]","[""Other Unit Contributed to Crash"",""Changed Lanes Improperly""]","[""Motor Vehicle in Motion"",""Pedal-Cycle""]"
1,0,"Atlanta Police Department","04/28/2025","Pulliam St Sw and Ralph David Abernathy Blvd Sw","(A) Suspected Serious Injury","Daylight","On Roadway - Roadway Intersection","Not a Collision with Motor Vehicle","Ralph David Abernathy Blvd Sw","Dry","13:20:00","[""Unknown"",""None Used""]","Clear",0,33.73679637,-84.39260826,"Atlanta","Fulton","[""Motor Vehicle in Motion"",""Motor Vehicle in Motion""]","[""Failure to Yield"",""Other Unit Contributed to Crash""]","[""Motor Vehicle in Motion"",""Pedal-Cycle""]"
0,0,"Atlanta Police Department","04/28/2025","S Elizabeth Pl Nw and Donald Lee Hollowell Pkwy Nw","(C) Possible Injury / Complaint","Dark-Lighted","On Roadway - In Crosswalk","Not a Collision with Motor Vehicle","S Elizabeth Pl Nw","Dry","21:44:00","[""Lap and Shoulder Belt Used"",""None Used""]","Cloudy",0,33.77488714,-84.44739839,"Atlanta","Fulton","[""Pedal-Cycle"",""Motor Vehicle in Motion""]","[""Failure to Yield"",""Other Unit Contributed to Crash""]","[""Motor Vehicle in Motion"",""Pedal-Cycle""]"
0,1,"Atlanta Police Department","04/30/2025","Berean Ave Se and Memorial Dr Se","(B) Suspected Minor/Visible Injury","Daylight","On Roadway - Roadway Intersection","Not a Collision with Motor Vehicle","Berean Ave Se","Dry","18:50:00","[""Unknown"",""Unknown""]","Clear",0,33.74668817,-84.36669877,"Atlanta","Fulton","[""Pedal-Cycle"",""Motor Vehicle in Motion""]","[""Failure to Yield"",""Other Unit Contributed to Crash""]","[""Pedal-Cycle"",""Pedal-Cycle""]"
0,0,"Atlanta Police Department","04/30/2025","Lee St Sw and W End Ave Sw","(C) Possible Injury / Complaint","Daylight","On Roadway - Roadway Intersection","Not a Collision with Motor Vehicle","W End Ave Sw","Dry","11:38:00","[""None Used"",""Unknown""]","Cloudy",0,33.74445451,-84.41417072,"Atlanta","Fulton","[""Motor Vehicle in Motion"",""Motor Vehicle in Motion""]","[""Wrong Side of Road"",""Disregard Other Traffic Control""]","[""Pedal-Cycle"",""Motor Vehicle in Motion""]"
0,0,"Atlanta Police Department","05/02/2025","Lambert Dr Ne and Piedmont Rd Ne","(O) No Injury","Daylight","On Roadway - In Crosswalk","Not a Collision with Motor Vehicle","Piedmont Rd Ne","Dry","18:30:00","[""Lap and Shoulder Belt Used"",""None Used""]","Clear",0,33.81185141,-84.36675464,"Atlanta","Fulton","[""Motor Vehicle in Motion"",""Motor Vehicle in Motion""]","[""Other Unit Contributed to Crash"",""Failure to Yield""]","[""Motor Vehicle in Motion"",""Pedal-Cycle""]"
0,1,"Atlanta Police Department","05/02/2025","Sylvan Rd Sw and Victory Dr Sw","(B) Suspected Minor/Visible Injury","Dark-Lighted","On Roadway - Non-Intersection","Not a Collision with Motor Vehicle","Sylvan Rd Sw","Dry","20:50:00","[""None Used"",""Lap and Shoulder Belt Used""]","Clear",0,33.70832776,-84.4182061,"Atlanta","Fulton","[""Motor Vehicle in Motion"",""Pedal-Cycle""]","Other Unit Contributed to Crash","[""Pedal-Cycle"",""Pedal-Cycle""]"
0,0,"Atlanta Police Department","05/05/2025","Virginia Ave Ne and N Highland Ave Ne","(C) Possible Injury / Complaint","Daylight","On Roadway - Roadway Intersection","Not a Collision with Motor Vehicle","Virginia Ave Ne","Dry","16:45:00","[""Bicycle Helmet"",""Unknown""]","Clear",0,33.78236198,-84.35432864,"Atlanta","Fulton","[""Motor Vehicle in Motion"",""Pedal-Cycle""]","Improper Turn","[""Pedal-Cycle"",""Pedal-Cycle""]"
0,0,"Atlanta Police Department","05/05/2025","Peyton Pl Sw and Martin Luther King Jr Dr Sw","(C) Possible Injury / Complaint","Dark-Not Lighted","On Roadway - Non-Intersection","Not a Collision with Motor Vehicle","Peyton Pl Sw","Dry","01:14:00","[""Unknown"",""None Used""]","Clear",0,33.74939745,-84.47492249,"Atlanta","Fulton","[""Pedestrian"",""Motor Vehicle in Motion"",""Motor Vehicle in Motion""]","[""Misjudged Clearance"",""Other Unit Contributed to Crash"",""Other Unit Contributed to Crash""]","[""Pedestrian"",""Pedal-Cycle"",""Pedestrian""]"
0,0,"Atlanta Police Department","05/08/2025","Juniper St Ne and Ponce De Leon Ave Ne","(O) No Injury","Daylight","On Roadway - Roadway Intersection","Angle Crash","Juniper St Ne","Dry","14:25:00","[""Lap and Shoulder Belt Used"",""None Used"",""Lap and Shoulder Belt Used""]","Clear",0,33.77242447,-84.38329884,"Atlanta","Fulton","[""Motor Vehicle in Motion"",""Pedal-Cycle"",""Motor Vehicle in Motion""]","[""Following Too Close"",""Other Unit Contributed to Crash"",""Other Unit Contributed to Crash""]","[""Motor Vehicle in Motion"",""Pedal-Cycle"",""Motor Vehicle in Motion""]"
0,1,"Atlanta Police Department","05/12/2025","Atwood St Sw and Donnelly Ave Sw","(B) Suspected Minor/Visible Injury","Daylight","On Roadway - Roadway Intersection","Not a Collision with Motor Vehicle","Donnelly Ave Sw","Dry","15:33:00","[""Unknown"",""Unknown""]","Clear",0,33.73448498,-84.42928648,"Atlanta","Fulton","[""Motor Vehicle in Motion"",""Motor Vehicle in Motion""]","[""Inattentive or Other Distraction (Distracted)"",""Inattentive or Other Distraction (Distracted)""]","[""Motor Vehicle in Motion"",""Pedal-Cycle""]"
0,1,"Atlanta Police Department","05/12/2025","Warren St Se and Hosea L Williams Dr Se","(B) Suspected Minor/Visible Injury","Daylight","On Roadway - Non-Intersection","Not a Collision with Motor Vehicle","Warren St Se","Dry","20:11:00","None Used","Clear",0,33.75333943,-84.32618418,"Atlanta","DeKalb","[""Motor Vehicle in Motion"",""Pedal-Cycle""]","[""Following Too Close"",""Other Unit Contributed to Crash""]","[""Motor Vehicle in Motion"",""Pedal-Cycle""]"
0,1,"Atlanta Police Department","05/13/2025","4Th Ave Ne and Hosea L Williams Dr Se","(B) Suspected Minor/Visible Injury","Daylight","On Roadway - Roadway Intersection","Not a Collision with Motor Vehicle","Hosea L Williams Dr Se","Dry","11:45:00","[""Lap and Shoulder Belt Used"",""Unknown""]","Clear",0,33.75102127,-84.30672755,"Atlanta","DeKalb","[""Motor Vehicle in Motion"",""Motor Vehicle in Motion""]","[""Other Unit Contributed to Crash"",""Disregard Stop Sign/Signal""]","[""Motor Vehicle in Motion"",""Pedal-Cycle""]"
0,0,"Atlanta Police Department","05/14/2025","Kennesaw Ave Ne and Ponce De Leon Ave Ne","(O) No Injury","Dark-Lighted","Entrance/Exit Ramp","Not a Collision with Motor Vehicle","Ponce De Leon Ave Ne","Dry","23:00:00","[""Lap and Shoulder Belt Used"",""None Used""]","Clear",0,33.77375827,-84.36917443,"Atlanta","Fulton","[""Pedal-Cycle"",""Motor Vehicle in Motion""]","[""Failure to Yield"",""Other Unit Contributed to Crash""]","[""Pedal-Cycle"",""Pedal-Cycle""]"
0,0,"Atlanta Police Department","05/15/2025","10Th St Ne and Crescent Ave Ne","(O) No Injury","Dark-Not Lighted","On Roadway - In Crosswalk","Not a Collision with Motor Vehicle","Crescent Ave Ne","Dry","23:36:00","[""Unknown"",""Unknown""]","Clear",0,33.78159366,-84.38487874,"Atlanta","Fulton","[""Motor Vehicle in Motion"",""Pedestrian""]","[""Failure to Yield"",""Other Unit Contributed to Crash""]","[""Motor Vehicle in Motion"",""Pedal-Cycle""]"
0,0,"Atlanta Police Department","05/17/2025","Austin Woods Ct Sw and Austin Woods Dr Sw","(C) Possible Injury / Complaint","Daylight","On Roadway - Driveway Intersection","Not a Collision with Motor Vehicle","Austin Woods Dr Sw","Dry","17:00:00","[""Unknown"",""None Used""]","Cloudy",0,33.70462525,-84.5092319,"Atlanta","Fulton","[""Motor Vehicle in Motion"",""Motor Vehicle in Motion""]","[""Other Unit Contributed to Crash"",""Inattentive or Other Distraction (Distracted)""]","[""Motor Vehicle in Motion"",""Pedal-Cycle""]"
0,1,"Atlanta Police Department","05/21/2025","Sydney St Se and Cherokee Ave Se","(B) Suspected Minor/Visible Injury","Daylight","On Roadway - In Crosswalk","Not a Collision with Motor Vehicle","Cherokee Ave Se","Dry","16:45:00","[""Unknown"",""Bicycle Helmet""]","Clear",0,33.74115478,-84.37362369,"Atlanta","Fulton","[""Motor Vehicle in Motion"",""Motor Vehicle in Motion""]","Failure to Yield","Pedal-Cycle"
0,1,"Atlanta Police Department","05/21/2025","Elbridge Dr Nw and Chappell Rd Nw","(B) Suspected Minor/Visible Injury","Daylight","On Roadway - Non-Intersection","Not a Collision with Motor Vehicle","Chappell Rd Nw","Dry","20:26:00","[""Unknown"",""None Used""]","Clear",0,33.76833984,-84.43316218,"Atlanta","Fulton","[""Motor Vehicle in Motion"",""Pedal-Cycle""]","Failure to Yield","[""Motor Vehicle in Motion"",""Pedal-Cycle""]"
0,1,"Atlanta Police Department","05/22/2025","W Conway Dr Nw and Northside Dr Nw","(B) Suspected Minor/Visible Injury","Daylight","On Roadway - Driveway Intersection","Not a Collision with Motor Vehicle","Northside Dr Nw","Dry","19:15:00","[""Unknown"",""Unknown""]","Clear",0,33.87129177,-84.40841667,"Atlanta","Fulton","[""Motor Vehicle in Motion"",""Pedal-Cycle""]","[""Inattentive or Other Distraction (Distracted)"",""Other Unit Contributed to Crash""]","[""Motor Vehicle in Motion"",""Pedal-Cycle""]"
0,1,"Atlanta Police Department","05/22/2025","Grant St Se and Memorial Dr Se","(B) Suspected Minor/Visible Injury","Daylight","On Roadway - Bicycle Lane","Not a Collision with Motor Vehicle","Grant St Se","Dry","07:40:00","[""Lap and Shoulder Belt Used"",""Bicycle Helmet""]","Clear",0,33.74682035,-84.37665983,"Atlanta","Fulton","[""Pedal-Cycle"",""Pedal-Cycle""]","[""Failure to Yield"",""Other Unit Contributed to Crash""]","[""Pedal-Cycle"",""Pedal-Cycle""]"
0,1,"Atlanta Police Department","05/24/2025","Gray St Nw and Ivan Allen Jr Blvd Nw","(B) Suspected Minor/Visible Injury","Daylight","On Roadway - Roadway Intersection","Not a Collision with Motor Vehicle","Gray St Nw","Dry","16:30:00","[""Unknown"",""Unknown""]","Clear",0,33.76372098,-84.40167325,"Atlanta","Fulton","[""Motor Vehicle in Motion"",""Motor Vehicle in Motion""]","[""Failure to Yield"",""Other Unit Contributed to Crash""]","[""Motor Vehicle in Motion"",""Pedal-Cycle""]"
0,1,"Atlanta Police Department","05/29/2025","16Th St Ne and Peachtree St Ne","(B) Suspected Minor/Visible Injury","Daylight","On Roadway - Driveway Intersection","Not a Collision with Motor Vehicle","Peachtree St Ne","Water (standing or moving)","07:34:00","[""Unknown"",""Unknown""]","Cloudy",0,33.79117999,-84.3854987,"Atlanta","Fulton","[""Motor Vehicle in Motion"",""Pedal-Cycle""]","[""Failure to Yield"",""Other Unit Contributed to Crash""]","[""Motor Vehicle in Motion"",""Pedal-Cycle""]"
0,0,"Atlanta Police Department","05/30/2025","Joseph E Boone Blvd Nw and Joseph E Lowery Blvd Nw","(C) Possible Injury / Complaint","Daylight","On Roadway - Driveway Intersection","Not a Collision with Motor Vehicle","Joseph E Boone Blvd Nw","Dry","15:00:00","[""Lap and Shoulder Belt Used"",""None Used""]","Clear",0,33.76347727,-84.41663262,"Atlanta","Fulton","[""Motor Vehicle in Motion"",""Motor Vehicle in Motion""]","[""Misjudged Clearance"",""Other Unit Contributed to Crash""]","[""Motor Vehicle in Motion"",""Pedal-Cycle""]"
1,0,"Atlanta Police Department","05/30/2025","Dekalb Ave Ne and Waverly Way Ne","(A) Suspected Serious Injury","Dark-Lighted","On Roadway - Non-Intersection","Not a Collision with Motor Vehicle","Dekalb Ave Ne","Dry","21:11:00","[""Lap and Shoulder Belt Used"",""None Used""]","Clear",0,33.75465229,-84.35784753,"Atlanta","Fulton","[""Motor Vehicle in Motion"",""Motor Vehicle in Motion""]","[""Improper Passing"",""Not Visible (Object, Person, or Vehicle)""]","Pedal-Cycle"
0,0,"Atlanta Police Department","06/02/2025","Glenwood Ave Se and Flat Shoals Ave Se","(C) Possible Injury / Complaint","Daylight","On Roadway - Roadway Intersection","Not a Collision with Motor Vehicle","Glenwood Ave Se","Dry","17:40:00","[""Unknown"",""None Used""]","Clear",0,33.74017658,-84.34541016,"Atlanta","DeKalb","[""Motor Vehicle in Motion"",""Motor Vehicle in Motion""]","[""Aggressive Driving"",""Other Unit Contributed to Crash""]","Pedal-Cycle"
0,0,"Atlanta Police Department","06/03/2025","Bolton Rd Nw and Parrott Ave Nw","(C) Possible Injury / Complaint","Daylight","On Roadway - In Crosswalk","Not a Collision with Motor Vehicle","Bolton Rd Nw","Dry","18:00:00","[""Lap and Shoulder Belt Used"",""None Used""]","Clear",0,33.81057558,-84.47773482,"Atlanta","Fulton","[""Motor Vehicle in Motion"",""Pedestrian""]","Not Visible (Object, Person, or Vehicle)","[""Pedestrian"",""Pedal-Cycle""]"
0,0,"Atlanta Police Department","06/05/2025","N Highland Ave Ne and Los Angeles Ave Ne","(C) Possible Injury / Complaint","Daylight","On Roadway - Driveway Intersection","Not a Collision with Motor Vehicle","N Highland Ave Ne","Dry","19:51:00","[""Unknown"",""Unknown""]","Clear",0,33.78353041,-84.35458711,"Atlanta","Fulton","[""Motor Vehicle in Motion"",""Pedal-Cycle""]","[""Following Too Close"",""Other Unit Contributed to Crash""]","Pedal-Cycle"
0,0,"Atlanta Police Department","06/06/2025","None and Northside Dr Nw","(C) Possible Injury / Complaint","Daylight","On Roadway - Driveway Intersection","Not a Collision with Motor Vehicle","Northside Dr Nw","Dry","16:00:00","[""Unknown"",""Bicycle Helmet""]","Clear",0,33.79460151,-84.4078523,"Atlanta","Fulton","[""Motor Vehicle in Motion"",""Motor Vehicle in Motion""]","[""Failure to Yield"",""Other Unit Contributed to Crash""]","Pedal-Cycle"
1,0,"Atlanta Police Department","06/09/2025","Piedmont Park and Piedmont Ave Ne","(A) Suspected Serious Injury","Daylight","On Roadway - In Crosswalk","Not a Collision with Motor Vehicle","Piedmont Park","Dry","10:07:00","[""Unknown"",""Bicycle Helmet""]","Clear",0,33.78431964,-84.37887937,"Atlanta","Fulton","[""Motor Vehicle in Motion"",""Motor Vehicle in Motion""]","[""Failure to Yield"",""Other Unit Contributed to Crash""]","[""Other Object (Not Fixed)"",""Pedal-Cycle""]"
0,0,"Atlanta Police Department","06/11/2025","Hill St Se and Memorial Dr Se","(O) No Injury","Daylight","On Roadway - Roadway Intersection","Not a Collision with Motor Vehicle","Memorial Dr Se","Dry","13:13:00","[""Motorcycle Helmet"",""Lap and Shoulder Belt Used""]","Clear",0,33.74685352,-84.37929181,"Atlanta","Fulton","[""Pedal-Cycle"",""Motor Vehicle in Motion""]","[""Other Unit Contributed to Crash"",""Failure to Yield""]","[""Pedal-Cycle"",""Motor Vehicle in Motion""]"
0,1,"Atlanta Police Department","06/15/2025","Neal St Nw and Joseph E Lowery Blvd Nw","(B) Suspected Minor/Visible Injury","Daylight","On Roadway - Roadway Intersection","Not a Collision with Motor Vehicle","Neal St Nw","Dry","15:27:00","[""Unknown"",""None Used""]","Clear",0,33.76642071,-84.41744644,"Atlanta","Fulton","[""Motor Vehicle in Motion"",""Pedal-Cycle""]","[""Other Unit Contributed to Crash"",""Failure to Yield""]","[""Pedal-Cycle"",""Pedal-Cycle""]"
0,0,"Atlanta Police Department","06/17/2025","Hightower Pl Nw and James Jackson Pkwy Nw","(O) No Injury","Daylight","On Roadway - Roadway Intersection","Not a Collision with Motor Vehicle","James Jackson Pkwy Nw","Dry","15:00:00","[""None Used"",""Lap and Shoulder Belt Used"",""Lap and Shoulder Belt Used""]","Clear",0,33.77867647,-84.47519487,"Atlanta","Fulton","[""Pedal-Cycle"",""Pedal-Cycle""]","Changed Lanes Improperly","[""Pedal-Cycle"",""Motor Vehicle in Motion""]"
1,0,"Atlanta Police Department","06/19/2025","Faith Ave Se and Moreland Ave Se","(A) Suspected Serious Injury","Dark-Lighted","On Roadway - Non-Intersection","Not a Collision with Motor Vehicle","Moreland Ave Se","Dry","21:15:00","[""None Used"",""Lap and Shoulder Belt Used""]","Clear",0,33.74344657,-84.34923525,"Atlanta","Fulton","[""Pedal-Cycle"",""Motor Vehicle in Motion""]","Wrong Side of Road","[""Pedal-Cycle"",""Pedal-Cycle""]"
0,0,"Atlanta Police Department","06/21/2025","Pryor St Sw and Ralph David Abernathy Blvd Sw","(C) Possible Injury / Complaint","Dark-Lighted","On Roadway - Driveway Intersection","Not a Collision with Motor Vehicle","Ralph David Abernathy Blvd Sw","Dry","20:00:00","[""Lap and Shoulder Belt Used"",""Bicycle Helmet""]","Clear",0,33.73685111,-84.39458868,"Atlanta","Fulton","[""Motor Vehicle in Motion"",""Pedal-Cycle""]",,"[""Motor Vehicle in Motion"",""Pedal-Cycle""]"
0,1,"Atlanta Police Department","06/26/2025","Ellis St Ne and Peachtree Center Ave Ne","(B) Suspected Minor/Visible Injury","Daylight","On Roadway - Bicycle Lane","Not a Collision with Motor Vehicle","Peachtree Center Ave Ne","Dry","08:10:00","[""Unknown"",""None Used""]","Clear",0,33.75857391,-84.38608008,"Atlanta","Fulton","[""Motor Vehicle in Motion"",""Motor Vehicle in Motion""]","[""Failure to Yield"",""Other Unit Contributed to Crash""]","[""Pedestrian"",""Pedal-Cycle""]"
0,0,"Atlanta Police Department","06/26/2025","Central Ave Sw and Memorial Dr Sw","(C) Possible Injury / Complaint","Daylight","On Roadway - Roadway Intersection","Not a Collision with Motor Vehicle","Memorial Dr Sw","Dry","15:20:00","[""Unknown"",""Unknown"",""Booster Seat (Properly Used)"",""Unknown""]","Clear",0,33.74689025,-84.39281415,"Atlanta","Fulton","[""Motor Vehicle in Motion"",""Motor Vehicle in Motion""]","[""Failure to Yield"",""Other Unit Contributed to Crash""]","[""Motor Vehicle in Motion"",""Pedal-Cycle""]"
0,0,"Atlanta Police Department","06/26/2025","Northside Dr Sw and Metropolitan Pkwy Sw","(O) No Injury","Dark-Not Lighted","On Roadway - Non-Intersection","Not a Collision with Motor Vehicle","Metropolitan Pkwy Sw","Dry","22:21:00","[""Unknown"",""None Used""]","Clear",0,33.7438616,-84.40832487,"Atlanta","Fulton","[""Pedestrian"",""Pedal-Cycle""]","[""Other Unit Contributed to Crash"",""No Signal/Improper Signal""]","[""Pedestrian"",""Pedal-Cycle""]"