"# Serious Injuries","# Visible Injuries","Agency Name (Crash Level) ","Date","Intersection Name (from Crash Report)","KABCO Severity","Light Conditions (Crash Level)","Location at Impact (Crash Level) ","Manner of Collision (Crash Level) ","Roadway (From Crash Report)","Surface Condition (Crash Level) ","Time","Safety Equipment (Crash Level) ","Weather Conditions (Crash Level)","# of Fatalities per Crash","Latitude","Longitude","Geolocated City","Geolocated County","First Harmful Event (Unit Order)","Operator/Pedestrian Contrib Factor (excl None, Other, No Contrib Factors)","Most Harmful Event (Crash Level)"
1,0,"Atlanta Police Department","09/09/2025","Formwalt St Sw and Ralph David Abernathy Blvd Sw","(A) Suspected Serious Injury","Daylight","On Roadway - Roadway Intersection","Not a Collision with Motor Vehicle","Formwalt St Sw","Dry","18:25:00","[""Lap and Shoulder Belt Used"",""None Used""]","Clear",0,33.73687263,-84.39584738,"None","None","[""Motor Vehicle in Motion"",""Pedestrian""]","[""Failure to Yield"",""Other Unit Contributed to Crash""]","[""Motor Vehicle in Motion"",""Pedal-Cycle""]"
0,0,"Atlanta Police Department","09/09/2025","Hill St Se and Memorial Dr Se","(O) No Injury","Daylight","On Roadway - Roadway Intersection","Not a Collision with Motor Vehicle","Hill St Se","Dry","15:17:00","[""Unknown"",""Bicycle Helmet""]","Clear",0,33.74685529,-84.37942223,"None","None","[""Pedal-Cycle"",""Motor Vehicle in Motion""]","Changed Lanes Improperly","[""Pedal-Cycle"",""Pedal-Cycle""]"
0,0,"Atlanta Police Department","09/10/2025","Collier Rd Nw and Dellwood Dr Nw","(O) No Injury","Daylight","On Roadway - Roadway Intersection","Not a Collision with Motor Vehicle","Collier Rd Nw","Dry","14:15:00","[""None Used"",""Shoulder Belt Only Used""]","Clear",0,33.80883865,-84.39922255,"None","None","[""Motor Vehicle in Motion"",""Motor Vehicle in Motion""]","[""Failure to Yield"",""Other Unit Contributed to Crash""]","[""Pedal-Cycle"",""Motor Vehicle in Motion""]"
0,0,"Atlanta Police Department","09/10/2025","Clifton St Ne and Hosea L Williams Dr Se","(C) Possible Injury / Complaint","Daylight","On Roadway - Roadway Intersection","Not a Collision with Motor Vehicle","Hosea L Williams Dr Se","Dry","18:20:00","[""Unknown"",""Unknown""]","Clear",0,33.75337838,-84.33176013,"None","None","[""Motor Vehicle in Motion"",""Motor Vehicle in Motion""]","Failure to Yield","[""Pedal-Cycle"",""Pedal-Cycle""]"
0,1,"Emory Police Department","09/11/2025","Eagle Row Ne and Facilities Management Dr","(B) Suspected Minor/Visible Injury","Daylight","On Roadway - Bicycle Lane","Not a Collision with Motor Vehicle","Eagle Row Ne","Dry","16:17:00","[""Lap and Shoulder Belt Used"",""None Used""]","Clear",0,33.79516255,-84.32315481,"None","None","[""Pedal-Cycle"",""Motor Vehicle in Motion""]","[""Not Visible (Object, Person, or Vehicle)"",""Not Visible (Object, Person, or Vehicle)""]","[""Pedal-Cycle"",""Pedal-Cycle""]"
1,0,"Atlanta Police Department","09/11/2025","Williams St Nw and Andrew Young International Blvd Nw","(A) Suspected Serious Injury","Daylight","Off Roadway - Sidewalk","Not a Collision with Motor Vehicle","Andrew Young International Blvd Nw","Dry","06:48:00","[""None Used"",""Unknown""]","Clear",0,33.75972365,-84.39072168,"None","None","[""Pedal-Cycle"",""Motor Vehicle in Motion""]","Other Unit Contributed to Crash","[""Pedal-Cycle"",""Motor Vehicle in Motion""]"
1,0,"Atlanta Police Department","09/11/2025","Krog St and Krog St Ne","(A) Suspected Serious Injury","Dark-Lighted","On Roadway - Roadway Intersection","Not a Collision with Motor Vehicle","Krog St Ne","Dry","02:07:00","[""Lap and Shoulder Belt Used"",""None Used""]","Clear",0,33.75349064,-84.36386943,"None","None","[""Pedal-Cycle"",""Motor Vehicle in Motion""]","[""Other Unit Contributed to Crash"",""Disregard Stop Sign/Signal""]","[""Pedal-Cycle"",""Pedal-Cycle""]"
0,0,"Atlanta Police Department","09/11/2025","Moreland Ave Se and Glenwood Ave Se","(O) No Injury","Daylight","On Roadway - Driveway Intersection","Sideswipe-Opposite Direction","Glenwood Ave Se","Dry","15:15:00","[""Unknown"",""Lap and Shoulder Belt Used"",""Unknown"",""Unknown"",""Bicycle Helmet""]","Clear",0,33.74037486,-84.349535,"None","None","[""Motor Vehicle in Motion"",""Motor Vehicle in Motion"",""Pedal-Cycle""]","[""Failure to Yield"",""Other Unit Contributed to Crash"",""Other Unit Contributed to Crash""]","[""Motor Vehicle in Motion"",""Motor Vehicle in Motion"",""Pedal-Cycle""]"
0,1,"Atlanta Police Department","09/11/2025","Fort St Ne and Edgewood Ave Se","(B) Suspected Minor/Visible Injury","Daylight","On Roadway - Roadway Intersection","Not a Collision with Motor Vehicle","Edgewood Ave Se","Dry","08:53:00","[""Unknown"",""None Used""]","Clear",0,33.75436797,-84.37798143,"None","None","[""Motor Vehicle in Motion"",""Pedal-Cycle""]","Other Unit Contributed to Crash","[""Motor Vehicle in Motion"",""Pedal-Cycle""]"
0,1,"Georgia Tech Police Department","09/12/2025","Fourth Street Nw and Techwood Drive Nw","(B) Suspected Minor/Visible Injury","Daylight","On Roadway - Roadway Intersection","Rear End","Techwood Drive Nw","Dry","14:45:00","[""None Used"",""None Used""]","Clear",0,33.77512655,-84.39196664,"None","None","[""Pedal-Cycle"",""Pedal-Cycle""]","[""Following Too Close"",""Other Unit Contributed to Crash""]","[""Pedal-Cycle"",""Pedal-Cycle""]"
1,0,"Atlanta Police Department","09/12/2025","Northside Dr Nw and Georgia Dome Dr Nw","(A) Suspected Serious Injury","Daylight","On Roadway - In Crosswalk","Not a Collision with Motor Vehicle","Northside Dr Nw","Dry","15:10:00","[""Unknown"",""Unknown""]","Clear",0,33.75624663,-84.40279369,"None","None","[""Pedal-Cycle"",""Motor Vehicle in Motion""]","[""Failure to Yield"",""Other Unit Contributed to Crash""]","[""Pedal-Cycle"",""Motor Vehicle in Motion""]"
0,0,"Atlanta Police Department","09/13/2025","Arthur St Sw and Metropolitan Pkwy Sw","(O) No Injury","Daylight","On Roadway - Roadway Intersection","Not a Collision with Motor Vehicle","Arthur St Sw","Dry","14:33:00","[""Lap and Shoulder Belt Used"",""Lap and Shoulder Belt Used"",""Lap and Shoulder Belt Used""]","Clear",0,33.72814761,-84.4079823,"None","None","[""Pedal-Cycle"",""Pedal-Cycle""]","[""Other Exterior Distraction (Distracted)"",""Other Unit Contributed to Crash""]","[""Pedal-Cycle"",""Pedal-Cycle""]"
0,1,"Georgia Tech Police Department","09/13/2025","Ferst Drive Nw and Fowler Street Nw","(B) Suspected Minor/Visible Injury","Daylight","On Roadway - Roadway Intersection","Angle","Ferst Drive Nw","Dry","10:30:00","[""None Used"",""None Used""]","Clear",0,33.77688684,-84.39363562,"None","None","[""Motor Vehicle in Motion"",""Motor Vehicle in Motion""]","[""Disregard Stop Sign/Signal"",""Other Unit Contributed to Crash""]","[""Pedal-Cycle"",""Motor Vehicle in Motion""]"
1,0,"Atlanta Police Department","09/15/2025","Culberson St Sw and Ralph David Abernathy Blvd Sw","(A) Suspected Serious Injury","Dark-Lighted","On Roadway - Non-Intersection","Not a Collision with Motor Vehicle","Ralph David Abernathy Blvd Sw","Dry","20:50:00","[""Unknown"",""None Used""]","Clear",0,33.73819943,-84.42199381,"None","None","[""Pedestrian"",""Pedal-Cycle""]","Other Unit Contributed to Crash","[""Pedestrian"",""Pedal-Cycle""]"
0,0,"Atlanta Police Department","09/17/2025","Woodbine Ave Ne and Hosea L Williams Dr Se","(C) Possible Injury / Complaint","Daylight","Off Roadway - Sidewalk","Not a Collision with Motor Vehicle","Hosea L Williams Dr Se","Dry","10:00:00","[""Lap and Shoulder Belt Used"",""Bicycle Helmet""]","Clear",0,33.75336797,-84.33407896,"None","None","[""Motor Vehicle in Motion"",""Pedal-Cycle""]",,"[""Motor Vehicle in Motion"",""Pedal-Cycle""]"
0,1,"Atlanta Police Department","09/18/2025","N Rhodes Ctr Nw and Peachtree St Ne","(B) Suspected Minor/Visible Injury","Daylight","On Roadway - Driveway Intersection","Not a Collision with Motor Vehicle","Peachtree St Ne","Dry","16:08:00","[""Lap and Shoulder Belt Used"",""None Used""]","Clear",0,33.79629695,-84.3877722,"None","None","[""Pedal-Cycle"",""Motor Vehicle in Motion""]","Other Unit Contributed to Crash","[""Pedal-Cycle"",""Pedal-Cycle""]"
0,0,"Gsp Post 00","09/18/2025","Fort Street and John Wesley Dobbs Avenue","(O) No Injury","Daylight","On Roadway - Roadway Intersection","Not a Collision with Motor Vehicle","John Wesley Dobbs Avenue","Dry","15:40:00","[""None Used"",""Lap and Shoulder Belt Used""]","Clear",0,33.75769225,-84.37848824,"None","None","[""Motor Vehicle in Motion"",""Pedal-Cycle""]","[""Other Unit Contributed to Crash"",""Other Unit Contributed to Crash""]","[""Motor Vehicle in Motion"",""Pedal-Cycle""]"
0,2,"Atlanta Police Department","09/20/2025","I-20 E and Joseph E Lowery Blvd Sw","(B) Suspected Minor/Visible Injury","Dark-Lighted","On Roadway - Roadway Intersection","Angle Crash","Joseph E Lowery Blvd Sw","Dry","20:00:00","[""Lap and Shoulder Belt Used"",""Lap and Shoulder Belt Used"",""None Used""]","Clear",0,33.74112733,-84.41760983,"None","None","[""Motor Vehicle in Motion"",""Motor Vehicle in Motion"",""Pedal-Cycle""]","[""Other Unit Contributed to Crash"",""Failure to Yield"",""Other Unit Contributed to Crash""]","[""Motor Vehicle in Motion"",""Motor Vehicle in Motion"",""Pedal-Cycle""]"
0,0,"Atlanta Police Department","09/21/2025","17Th St Nw and Spring St Nw","(C) Possible Injury / Complaint","Daylight","On Roadway - Roadway Intersection","Not a Collision with Motor Vehicle","Spring St Nw","Dry","07:00:00","[""Unknown"",""None Used""]","Clear",0,33.79192916,-84.38919311,"None","None","[""Motor Vehicle in Motion"",""Pedal-Cycle""]","[""Other Unit Contributed to Crash"",""Disregard Other Traffic Control""]","[""Motor Vehicle in Motion"",""Pedal-Cycle""]"
0,1,"Atlanta Police Department","09/22/2025","Monroe Dr Ne and Piedmont Ave Ne","(B) Suspected Minor/Visible Injury","Dark-Lighted","On Roadway - Bicycle Lane","Not a Collision with Motor Vehicle","Piedmont Ave Ne","Dry","21:00:00","[""Unknown"",""None Used""]","Clear",0,33.79704951,-84.36902864,"None","None","[""Pedal-Cycle"",""Motor Vehicle in Motion""]",,"[""Pedal-Cycle"",""Pedal-Cycle""]"
0,0,"Atlanta Police Department","09/22/2025","Kennesaw Ave Ne and Ponce De Leon Ave Ne","(C) Possible Injury / Complaint","Daylight","On Roadway - Bicycle Lane","Not a Collision with Motor Vehicle","Ponce De Leon Ave Ne","Dry","17:44:00","[""Unknown"",""Unknown""]","Clear",0,33.77382697,-84.36963611,"None","None","[""Motor Vehicle in Motion"",""Motor Vehicle in Motion""]","[""Wrong Side of Road"",""Other Unit Contributed to Crash""]","[""Pedal-Cycle"",""Pedal-Cycle""]"
0,0,"Atlanta Police Department","09/22/2025","Piedmont Rd Ne and Lindbergh Dr Ne","(C) Possible Injury / Complaint","Daylight","Off Roadway - Sidewalk","Not a Collision with Motor Vehicle","Piedmont Rd Ne","Dry","16:26:00","[""Lap and Shoulder Belt Used"",""None Used""]","Cloudy",0,33.82166359,-84.36743812,"None","None","[""Motor Vehicle in Motion"",""Motor Vehicle in Motion""]","Other Unit Contributed to Crash","[""Motor Vehicle in Motion"",""Pedal-Cycle""]"
0,1,"Atlanta Police Department","09/23/2025","Krog St and Dekalb Ave Ne","(B) Suspected Minor/Visible Injury","Daylight","On Roadway - Roadway Intersection","Not a Collision with Motor Vehicle","Dekalb Ave Ne","Dry","14:52:00","[""Unknown"",""Unknown""]","Clear",0,33.75349071,-84.36386911,"None","None","[""Pedal-Cycle"",""Motor Vehicle in Motion""]","[""Failure to Yield"",""Not Visible (Object, Person, or Vehicle)""]","[""Pedal-Cycle"",""Pedal-Cycle""]"
0,1,"Atlanta Police Department","09/23/2025","Monroe Dr Ne and Ponce De Leon Ave Ne","(B) Suspected Minor/Visible Injury","Dark-Lighted","On Roadway - Bicycle Lane","Not a Collision with Motor Vehicle","Ponce De Leon Ave Ne","Dry","20:00:00","[""Unknown"",""None Used""]","Clear",0,33.77378782,-84.37051136,"None","None","[""Motor Vehicle in Motion"",""Motor Vehicle in Motion""]","[""Failure to Yield"",""Other Unit Contributed to Crash""]","[""Motor Vehicle in Motion"",""Pedal-Cycle""]"
0,0,"Atlanta Police Department","09/25/2025","King St and Logan St Se","(O) No Injury","Daylight","On Roadway - Roadway Intersection","Not a Collision with Motor Vehicle","King St","Dry","19:00:00","[""None Used"",""Lap and Shoulder Belt Used""]","Clear",0,33.74468256,-84.38270751,"None","None","[""Other Non-Collision"",""Pedal-Cycle""]","[""Aggressive Driving"",""Other Unit Contributed to Crash""]","[""Pedal-Cycle"",""Motor Vehicle in Motion""]"
0,0,"Atlanta Police Department","09/25/2025","Decatur St Se and Peachtree St Ne","(C) Possible Injury / Complaint","Daylight","On Roadway - Roadway Intersection","Not a Collision with Motor Vehicle","Peachtree St Ne","Dry","08:45:00","[""Unknown"",""Unknown"",""None Used""]","Clear",0,33.7543112,-84.38975721,"None","None","[""Motor Vehicle in Motion"",""Pedestrian"",""Motor Vehicle in Motion""]","[""Not Visible (Object, Person, or Vehicle)"",""Other Unit Contributed to Crash"",""Not Visible (Object, Person, or Vehicle)""]","[""Pedal-Cycle"",""Pedestrian"",""Pedal-Cycle""]"
0,0,"Atlanta Police Department","09/25/2025","Peachtree St Ne and Andrew Young International Blvd Nw","(O) No Injury","Daylight","Off Roadway - Sidewalk","Not a Collision with Motor Vehicle","Andrew Young International Blvd Nw","Dry","14:53:00","[""None Used"",""Unknown""]","Cloudy",0,33.75971183,-84.38827676,"None","None","[""Motor Vehicle in Motion"",""Pedal-Cycle""]","[""Not Visible (Object, Person, or Vehicle)"",""Other Unit Contributed to Crash""]","[""Pedal-Cycle"",""Pedal-Cycle""]"
1,0,"Atlanta Police Department","09/28/2025","I-75 and North Ave Nw","(A) Suspected Serious Injury","Daylight","On Roadway - Non-Intersection","Not a Collision with Motor Vehicle","I-75","Dry","09:33:00","[""None Used"",""None Used""]","Clear",0,33.77100891,-84.39048117,"None","None","[""Pedestrian"",""Pedal-Cycle""]","[""Other Unit Contributed to Crash"",""Under the Influence (U.I.)"",""Wrong Side of Road""]","[""Pedestrian"",""Pedal-Cycle""]"
0,1,"Atlanta Police Department","09/30/2025","Memorial Dr Se and Chester Ave Se","(B) Suspected Minor/Visible Injury","Daylight","On Roadway - In Crosswalk","Not a Collision with Motor Vehicle","Chester Ave Se","Dry","16:25:00","[""None Used"",""Lap and Shoulder Belt Used""]","Clear",0,33.74660117,-84.35907957,"None","None","[""Motor Vehicle in Motion"",""Pedal-Cycle""]","[""Failure to Yield"",""Disregard Other Traffic Control"",""Other Unit Contributed to Crash""]","[""Pedal-Cycle"",""Pedal-Cycle""]"
0,0,"Atlanta Police Department","10/01/2025","Mcdaniel St Sw and University Ave Sw","(C) Possible Injury / Complaint","Dark-Lighted","On Roadway - Roadway Intersection","Not a Collision with Motor Vehicle","Mcdaniel St Sw","Dry","20:30:00","[""Unknown"",""None Used""]","Clear",0,33.72214406,-84.40142862,"None","None","[""Motor Vehicle in Motion"",""Motor Vehicle in Motion""]","[""Changed Lanes Improperly"",""Other Unit Contributed to Crash""]","[""Motor Vehicle in Motion"",""Pedal-Cycle""]"
0,1,"Atlanta Police Department","10/02/2025","Auburn Ave Ne and Peachtree Center Ave Ne","(B) Suspected Minor/Visible Injury","Daylight","On Roadway - Roadway Intersection","Not a Collision with Motor Vehicle","Peachtree Center Ave Ne","Dry","18:21:00","[""None Used"",""Bicycle Helmet"",""Unknown""]","Clear",0,33.75557946,-84.38610675,"None","None","[""Motor Vehicle in Motion"",""Motor Vehicle in Motion"",""Other Non-Collision""]","[""Disregard Other Traffic Control"",""Other Unit Contributed to Crash""]","[""Pedal-Cycle"",""Pedal-Cycle"",""Other Non-Collision""]"
0,0,"Georgia Tech Police Department","10/02/2025","Tech Pkwy Nw and Wallace Street Nw","(O) No Injury","Dark-Lighted","On Roadway - Roadway Intersection","Not a Collision with Motor Vehicle","Tech Pkwy Nw","Dry","06:47:00","[""Unknown"",""Bicycle Helmet""]","Clear",0,33.77307262,-84.3991937,"None","None","[""Pedal-Cycle"",""Motor Vehicle in Motion""]","[""Failure to Yield"",""Disregard Stop Sign/Signal"",""Other Unit Contributed to Crash""]","[""Pedal-Cycle"",""Pedal-Cycle""]"
0,0,"Georgia Tech Police Department","10/02/2025","Fourth St and Spring St","(C) Possible Injury / Complaint","Daylight","On Roadway - Roadway Intersection","Angle Crash","Spring St","Dry","17:14:00","[""None Used"",""Shoulder Belt Only Used""]","Clear",0,33.77509668,-84.38881812,"None","None","[""Motor Vehicle in Motion"",""Motor Vehicle in Motion""]","[""Failure to Yield"",""Other Unit Contributed to Crash""]","[""Motor Vehicle in Motion"",""Motor Vehicle in Motion""]"
0,1,"Atlanta Police Department","10/03/2025","Virginia Ave Ne and N Virginia Ave Ne","(B) Suspected Minor/Visible Injury","Daylight","On Roadway - Roadway Intersection","Not a Collision with Motor Vehicle","Virginia Ave Ne","Dry","09:10:00","[""Unknown"",""Bicycle Helmet""]","Clear",0,33.78189121,-84.3496658,"None","None","[""Motor Vehicle in Motion"",""Motor Vehicle in Motion""]","[""Other Unit Contributed to Crash"",""Improper Turn""]","[""Motor Vehicle in Motion"",""Pedal-Cycle""]"
0,0,"Atlanta Police Department","10/03/2025","Carson Ln Ne and Piedmont Rd Ne","(C) Possible Injury / Complaint","Daylight","On Roadway - Driveway Intersection","Not a Collision with Motor Vehicle","Piedmont Rd Ne","Dry","11:00:00","[""Lap and Shoulder Belt Used"",""Unknown""]","Clear",0,33.84800978,-84.37355304,"None","None","[""Motor Vehicle in Motion"",""Motor Vehicle in Motion""]",,"[""Motor Vehicle in Motion"",""Pedal-Cycle""]"
0,0,"Atlanta Police Department","10/04/2025","Carroll Dr Nw and Marietta Blvd Nw","(C) Possible Injury / Complaint","Daylight","On Roadway - In Crosswalk","Not a Collision with Motor Vehicle","Carroll Dr Nw","Dry","11:40:00","[""Unknown"",""Bicycle Helmet""]","Clear",0,33.80254115,-84.43633678,"None","None","[""Motor Vehicle in Motion"",""Motor Vehicle in Motion""]","[""Failure to Yield"",""Other Unit Contributed to Crash""]","[""Motor Vehicle in Motion"",""Pedal-Cycle""]"
0,0,"Atlanta Police Department","10/07/2025","10Th St Nw and Williams St Nw","(C) Possible Injury / Complaint","Dark-Lighted","On Roadway - In Crosswalk","Not a Collision with Motor Vehicle","Williams St Nw","Dry","06:17:00","[""Bicycle Helmet"",""Lap and Shoulder Belt Used""]","Clear",0,33.78151965,-84.39057975,"None","None","[""Motor Vehicle in Motion"",""Pedal-Cycle""]",,"[""Pedal-Cycle"",""Motor Vehicle in Motion""]"
0,0,"Atlanta Police Department","10/08/2025","14Th St Ne and W Peachtree St Nw","(O) No Injury","Daylight","On Roadway - In Crosswalk","Angle Crash","14Th St Ne","Dry","14:34:00","[""Unknown"",""Unknown"",""Unknown""]","Clear",0,33.78669477,-84.38780756,"None","None","[""Motor Vehicle in Motion"",""Motor Vehicle in Motion""]","[""Other Unit Contributed to Crash"",""Other Unit Contributed to Crash""]","[""Pedal-Cycle"",""Motor Vehicle in Motion""]"
0,0,"Atlanta Police Department","10/10/2025","Chattahoochee Ave Nw and Ellsworth Industrial Blvd Nw","(C) Possible Injury / Complaint","Daylight","On Roadway - Driveway Intersection","Not a Collision with Motor Vehicle","Chattahoochee Ave Nw","Dry","13:08:00","[""Unknown"",""None Used""]","Clear",0,33.80086281,-84.42601443,"None","None","[""Motor Vehicle in Motion"",""Pedal-Cycle""]","[""Other Unit Contributed to Crash"",""Failure to Yield""]","[""Motor Vehicle in Motion"",""Pedal-Cycle""]"
0,1,"Atlanta Police Department","10/11/2025","S Gordon St Sw and Ralph David Abernathy Blvd Sw","(B) Suspected Minor/Visible Injury","Daylight","On Roadway - Bicycle Lane","Not a Collision with Motor Vehicle","S Gordon St Sw","Dry","09:45:00","[""Lap and Shoulder Belt Used"",""None Used""]","Clear",0,33.73951011,-84.43396649,"None","None","[""Pedal-Cycle"",""Motor Vehicle in Motion""]","Failure to Yield","[""Motor Vehicle in Motion"",""Pedal-Cycle""]"
0,0,"Atlanta Police Department","10/12/2025","Drewry St Ne and N Highland Ave Ne","(O) No Injury","Daylight","On Roadway - Non-Intersection","Not a Collision with Motor Vehicle","N Highland Ave Ne","Dry","17:00:00","[""Lap and Shoulder Belt Used"",""Lap and Shoulder Belt Used""]","Clear",0,33.7779605,-84.35269227,"None","None","[""Motor Vehicle in Motion"",""Motor Vehicle in Motion""]","[""Failure to Yield"",""Other Unit Contributed to Crash""]","[""Motor Vehicle in Motion"",""Pedal-Cycle""]"
0,0,"Atlanta Police Department","10/12/2025","Irby Ave Nw and Roswell Rd Nw","(O) No Injury","Dark-Lighted","On Roadway - In Crosswalk","Not a Collision with Motor Vehicle","Irby Ave Nw","Dry","04:07:00","[""Unknown"",""None Used""]","Clear",0,33.84121365,-84.37911703,"None","None","[""Pedal-Cycle"",""Motor Vehicle in Motion""]","Too Fast for Conditions","[""Pedal-Cycle"",""Pedal-Cycle""]"
1,0,"Atlanta Police Department","10/12/2025","Chelsea Cir Nw and Ellsworth Industrial Blvd Nw","(A) Suspected Serious Injury","Daylight","Off Roadway - Sidewalk","Not a Collision with Motor Vehicle","Chelsea Cir Nw","Dry","16:25:00","[""Lap and Shoulder Belt Used"",""None Used""]","Clear",0,33.79084456,-84.42647878,"None","None","[""Motor Vehicle in Motion"",""Pedal-Cycle""]","[""Other Unit Contributed to Crash"",""Inattentive or Other Distraction (Distracted)""]","[""Motor Vehicle in Motion"",""Pedal-Cycle""]"
1,0,"Atlanta Police Department","10/13/2025","Spruce St Ne and Edgewood Ave Ne","(A) Suspected Serious Injury","Daylight","On Roadway - Bicycle Lane","Not a Collision with Motor Vehicle","Spruce St Ne","Dry","17:50:00","[""Unknown"",""Bicycle Helmet""]","Clear",0,33.75521095,-84.36152723,"None","None","[""Motor Vehicle in Motion"",""Pedal-Cycle""]","[""Failure to Yield"",""Other Unit Contributed to Crash""]","[""Motor Vehicle in Motion"",""Pedal-Cycle""]"
1,0,"Atlanta Police Department","10/14/2025","10Th St Nw and Northside Dr Nw","(A) Suspected Serious Injury","Dark-Lighted","On Roadway - Roadway Intersection","Not a Collision with Motor Vehicle","Northside Dr Nw","Dry","20:10:00","[""Unknown"",""Unknown""]","Clear",0,33.78155271,-84.40747575,"None","None","[""Pedestrian"",""Motor Vehicle in Motion""]","[""Other Unit Contributed to Crash"",""Disregard Other Traffic Control""]","[""Motor Vehicle in Motion"",""Pedal-Cycle""]"
0,0,"Georgia Tech Police Department","10/14/2025","14Th St Nw and Holly St Nw","(O) No Injury","Daylight","On Roadway - Roadway Intersection","Angle","Holly St Nw","Dry","15:44:00","[""None Used"",""Lap and Shoulder Belt Used""]","Clear",0,33.786322,-84.39603557,"None","None","[""Pedal-Cycle"",""Motor Vehicle in Motion""]","[""Failure to Yield"",""Other Unit Contributed to Crash"",""Under the Influence (U.I.)""]","[""Pedal-Cycle"",""Motor Vehicle in Motion""]"
0,0,"Atlanta Police Department","10/14/2025","14Th St Nw and Snyder St Nw","(C) Possible Injury / Complaint","Daylight","On Roadway - Driveway Intersection","Not a Collision with Motor Vehicle","14Th St Nw","Dry","12:50:00","[""Unknown"",""Bicycle Helmet""]","Clear",0,33.78620583,-84.40188276,"None","None","[""Motor Vehicle in Motion"",""Pedal-Cycle""]","[""Other Unit Contributed to Crash"",""Failure to Yield""]","[""Motor Vehicle in Motion"",""Pedal-Cycle""]"
0,0,"Atlanta Police Department","10/15/2025","Spring St Nw and Williams St Nw","(C) Possible Injury / Complaint","Daylight","On Roadway - Driveway Intersection","Not a Collision with Motor Vehicle","Spring St Nw","Dry","14:19:00","[""Lap and Shoulder Belt Used"",""None Used""]","Clear",0,33.78622557,-84.38923888,"None","None","[""Pedal-Cycle"",""Motor Vehicle in Motion""]","[""Other Unit Contributed to Crash"",""Wrong Side of Road""]","[""Pedal-Cycle"",""Pedal-Cycle""]"
0,0,"Atlanta Police Department","10/15/2025","Boulevard Se and Reinhardt St Se","(C) Possible Injury / Complaint","Daylight","On Roadway - Non-Intersection","Not a Collision with Motor Vehicle","Reinhardt St Se","Dry","19:00:00","[""Unknown"",""Bicycle Helmet""]","Clear",0,33.74842168,-84.36878886,"None","None","[""Motor Vehicle in Motion"",""Motor Vehicle in Motion""]",,"[""Motor Vehicle in Motion"",""Pedal-Cycle""]"
0,1,"Atlanta Police Department","10/16/2025","Palatka St Se and Oakview Rd Se","(B) Suspected Minor/Visible Injury","Daylight","On Roadway - Roadway Intersection","Not a Collision with Motor Vehicle","Oakview Rd Se","Dry","21:00:00","[""None Used"",""Lap and Shoulder Belt Used""]","Clear",0,33.75093105,-84.32212354,"None","None","[""Pedal-Cycle"",""Motor Vehicle in Motion""]","[""Changed Lanes Improperly"",""Other Unit Contributed to Crash""]","[""Pedal-Cycle"",""Motor Vehicle in Motion""]"
0,0,"Atlanta Police Department","10/17/2025","Auburn Ave Ne and Peachtree Center Ave Ne","(O) No Injury","Dark-Lighted","On Roadway - Roadway Intersection","Not a Collision with Motor Vehicle","Auburn Ave Ne","Dry","18:35:00","[""Unknown"",""Unknown""]","Clear",0,33.75557973,-84.38613579,"None","None","[""Motor Vehicle in Motion"",""Pedal-Cycle""]","Other Unit Contributed to Crash","[""Motor Vehicle in Motion"",""Pedal-Cycle""]"
1,0,"Atlanta Police Department","10/18/2025","Mayson Turner Rd Nw and Martin Luther King Jr Dr Nw","(A) Suspected Serious Injury","Daylight","On Roadway - Non-Intersection","Not a Collision with Motor Vehicle","Martin Luther King Jr Dr Nw","Dry","19:00:00","[""Unknown"",""Unknown""]","Clear",0,33.7547211,-84.41578774,"None","None","[""Motor Vehicle in Motion"",""Motor Vehicle in Motion""]","[""Failure to Yield"",""Other Unit Contributed to Crash""]","[""Motor Vehicle in Motion"",""Pedal-Cycle""]"
0,0,"Atlanta Police Department","10/18/2025","Peachtree Pl Nw and W Peachtree St Nw","(C) Possible Injury / Complaint","Dark-Lighted","On Roadway - In Crosswalk","Not a Collision with Motor Vehicle","W Peachtree St Nw","Dry","19:00:00","[""Unknown"",""Unknown"",""Unknown""]","Clear",0,33.78072424,-84.38750706,"None","None","[""Motor Vehicle in Motion"",""Motor Vehicle in Motion""]","[""Other Unit Contributed to Crash"",""Disregard Stop Sign/Signal""]","[""Motor Vehicle in Motion"",""Pedal-Cycle""]"