"# Serious Injuries","# Visible Injuries","Agency Name (Crash Level) ","Date","Intersection Name (from Crash Report)","KABCO Severity","Light Conditions (Crash Level)","Location at Impact (Crash Level) ","Manner of Collision (Crash Level) ","Roadway (From Crash Report)","Surface Condition (Crash Level) ","Time","Safety Equipment (Crash Level) ","Weather Conditions (Crash Level)","# of Fatalities per Crash","Latitude","Longitude","Geolocated City","Geolocated County","First Harmful Event (Unit Order)","Operator/Pedestrian Contrib Factor (excl None, Other, No Contrib Factors)","Most Harmful Event (Crash Level)"
0,1,"Atlanta Police Department","10/19/2025","Boulevard Se and Decatur St Se","(B) Suspected Minor/Visible Injury","Daylight","On Roadway - In Crosswalk","Not a Collision with Motor Vehicle","Decatur St Se","Dry","14:45:00","[""Unknown"",""Bicycle Helmet""]","Clear",0,33.75144113,-84.37121387,"None","None","[""Motor Vehicle in Motion"",""Motor Vehicle in Motion""]","[""Disregard Other Traffic Control"",""Other Unit Contributed to Crash""]","[""Motor Vehicle in Motion"",""Pedal-Cycle""]"
0,0,"Atlanta Police Department","10/20/2025","Peachtree St Ne and John Portman Blvd","(C) Possible Injury / Complaint","Daylight","On Roadway - In Crosswalk","Not a Collision with Motor Vehicle","John Portman Blvd","Dry","15:30:00","[""Unknown"",""Unknown""]","Clear",0,33.76098516,-84.38752967,"None","None","[""Motor Vehicle in Motion"",""Motor Vehicle in Motion""]","[""Other Unit Contributed to Crash"",""Failure to Yield""]","[""Motor Vehicle in Motion"",""Pedal-Cycle""]"
0,0,"Atlanta Police Department","10/21/2025","United Ave Se and Ormewood Ter Se","(C) Possible Injury / Complaint","Dark-Lighted","On Roadway - Roadway Intersection","Not a Collision with Motor Vehicle","Ormewood Ter Se","Wet","20:10:00","[""Unknown"",""Unknown""]","Cloudy",0,33.7267842,-84.35835928,"None","None","[""Motor Vehicle in Motion"",""Motor Vehicle in Motion""]","[""Failure to Yield"",""Other Unit Contributed to Crash""]","[""Pedal-Cycle"",""Pedal-Cycle""]"
1,0,"Atlanta Police Department","10/22/2025","14Th St Ne and Piedmont Ave Ne","(A) Suspected Serious Injury","Daylight","On Roadway - Roadway Intersection","Not a Collision with Motor Vehicle","Piedmont Ave Ne","Dry","15:00:00","[""Unknown"",""Unknown""]","Clear",0,33.78667754,-84.37813439,"None","None","[""Motor Vehicle in Motion"",""Motor Vehicle in Motion""]","[""Other Unit Contributed to Crash"",""Disregard Other Traffic Control""]","[""Pedal-Cycle"",""Pedal-Cycle""]"
0,0,"Atlanta Police Department","10/23/2025","Murphy Ave Sw and Ralph David Abernathy Blvd Sw","(C) Possible Injury / Complaint","Dark-Lighted","On Roadway - Roadway Intersection","Not a Collision with Motor Vehicle","Ralph David Abernathy Blvd Sw","Dry","21:00:00","[""Lap and Shoulder Belt Used"",""Lap and Shoulder Belt Used""]","Clear",0,33.73821918,-84.41285594,"None","None","[""Motor Vehicle in Motion"",""Motor Vehicle in Motion""]","[""Disregard Other Traffic Control"",""Other Unit Contributed to Crash""]","[""Motor Vehicle in Motion"",""Pedal-Cycle""]"
0,0,"Atlanta Police Department","10/25/2025","Piedmont Ave Ne and Ponce De Leon Ave Ne","(O) No Injury","Dark-Lighted","On Roadway - In Crosswalk","Not a Collision with Motor Vehicle","Piedmont Ave Ne","Dry","00:36:00","[""Unknown"",""None Used""]","Clear",0,33.77242636,-84.3817884,"None","None","[""Motor Vehicle in Motion"",""Motor Vehicle in Motion""]",,"[""Motor Vehicle in Motion"",""Pedal-Cycle""]"
0,1,"Atlanta Police Department","10/26/2025","Ted Turner Dr Nw and Ivan Allen Jr Blvd Nw","(B) Suspected Minor/Visible Injury","Daylight","On Roadway - Driveway Intersection","Not a Collision with Motor Vehicle","Ivan Allen Jr Blvd Nw","Dry","10:50:00","[""Unknown"",""Unknown"",""None Used""]","Clear",0,33.76464008,-84.38955176,"None","None","[""Motor Vehicle in Motion"",""Motor Vehicle in Motion""]","[""Failure to Yield"",""Other Unit Contributed to Crash""]","[""Pedal-Cycle"",""Pedal-Cycle""]"
0,0,"Atlanta Police Department","10/28/2025","10Th St Nw and Spring St Nw","(O) No Injury","Daylight","On Roadway - Roadway Intersection","Not a Collision with Motor Vehicle","Spring St Nw","Dry","12:10:00","[""Unknown"",""Unknown""]","Clear",0,33.78150652,-84.38914681,"None","None","[""Other Object (Not Fixed)"",""Motor Vehicle in Motion""]","[""Improper Turn"",""Other Unit Contributed to Crash""]","[""Motor Vehicle in Motion"",""Pedal-Cycle""]"
0,1,"Atlanta Police Department","10/31/2025","Boulevard Ne and John Wesley Dobbs Ave Ne","(B) Suspected Minor/Visible Injury","Dark-Lighted","On Roadway - Bicycle Lane","Not a Collision with Motor Vehicle","John Wesley Dobbs Ave Ne","Dry","21:39:00","[""Unknown"",""Bicycle Helmet""]","Clear",0,33.75932766,-84.37208734,"None","None","[""Motor Vehicle in Motion"",""Pedal-Cycle""]","[""Failure to Yield"",""Other Unit Contributed to Crash""]","[""Motor Vehicle in Motion"",""Pedal-Cycle""]"
0,0,"Atlanta Police Department","11/01/2025","11Th St Ne and Piedmont Ave Ne","(O) No Injury","Daylight","On Roadway - Driveway Intersection","Not a Collision with Motor Vehicle","Piedmont Ave Ne","Ice/Frost","15:00:00","[""Unknown"",""Unknown""]","Clear",0,33.78302081,-84.37987474,"None","None","[""Other Non-Collision"",""Other Non-Collision""]","[""Failure to Yield"",""Not Visible (Object, Person, or Vehicle)""]","[""Pedal-Cycle"",""Motor Vehicle in Motion""]"
0,0,"Atlanta Police Department","11/03/2025","4Th St Ne and Peachtree St Ne","(O) No Injury","Dark-Lighted","On Roadway - Non-Intersection","Not a Collision with Motor Vehicle","Peachtree St Ne","Dry","18:11:00","Unknown","Clear",0,33.77529457,-84.38461212,"None","None","[""Motor Vehicle in Motion"",""Pedal-Cycle""]","[""Not Visible (Object, Person, or Vehicle)"",""Other Unit Contributed to Crash""]","[""Motor Vehicle in Motion"",""Pedal-Cycle""]"
0,0,"Atlanta Police Department","11/04/2025","Moreland Pl Se and Moreland Ave Se","(O) No Injury","Daylight","On Roadway - In Crosswalk","Not a Collision with Motor Vehicle","Moreland Pl Se","Dry","17:47:00","[""None Used"",""Lap and Shoulder Belt Used""]","Clear",0,33.7384134,-84.34928534,"None","None","[""Motor Vehicle in Motion"",""Pedal-Cycle""]","[""Wrong Side of Road"",""Other Unit Contributed to Crash""]","[""Pedal-Cycle"",""Pedal-Cycle""]"
0,0,"Atlanta Police Department","11/06/2025","11Th St Nw and Northside Dr Nw","(C) Possible Injury / Complaint","Daylight","On Roadway - In Crosswalk","Not a Collision with Motor Vehicle","11Th St Nw","Dry","16:30:00","[""None Used"",""Unknown""]","Clear",0,33.78300904,-84.40808983,"None","None","[""Pedal-Cycle"",""Motor Vehicle in Motion""]","[""Disregard Other Traffic Control"",""Other Unit Contributed to Crash""]","[""Pedal-Cycle"",""Motor Vehicle in Motion""]"
0,0,"Atlanta Police Department","11/06/2025","Lake Dr Se and Eastland Rd Se","(C) Possible Injury / Complaint","Dark-Lighted","On Roadway - Non-Intersection","Not a Collision with Motor Vehicle","Eastland Rd Se","Dry","18:02:00","[""Unknown"",""None Used""]","Clear",0,33.71864574,-84.32993517,"None","None","[""Other Non-Collision"",""Motor Vehicle in Motion""]","[""Other Unit Contributed to Crash"",""Inattentive or Other Distraction (Distracted)""]","[""Other Non-Collision"",""Pedal-Cycle""]"
0,0,"Atlanta Police Department","11/08/2025","14Th St Nw and Northside Dr Nw","(C) Possible Injury / Complaint","Daylight","On Roadway - Roadway Intersection","Not a Collision with Motor Vehicle","14Th St Nw","Dry","14:30:00","[""Unknown"",""Unknown""]","Clear",0,33.78622418,-84.40744525,"None","None","[""Motor Vehicle in Motion"",""Motor Vehicle in Motion""]","[""Other Unit Contributed to Crash"",""Wrong Side of Road""]","[""Motor Vehicle in Motion"",""Pedal-Cycle""]"
0,1,"Georgia Tech Police Department","11/08/2025","Hwy 75 and Tenth St. Nw","(B) Suspected Minor/Visible Injury","Daylight","On Roadway - Non-Intersection","Sideswipe-Same Direction","Tenth St. Nw","Dry","13:39:00","[""Unknown"",""Unknown""]","Cloudy",0,33.78154385,-84.39177884,"None","None","[""Motor Vehicle in Motion"",""Pedal-Cycle""]",,"[""Motor Vehicle in Motion"",""Pedal-Cycle""]"
1,0,"Atlanta Police Department","11/08/2025","14Th St Ne and Piedmont Ave Ne","(A) Suspected Serious Injury","Dark-Lighted","Off Roadway - Sidewalk","Not a Collision with Motor Vehicle","14Th St Ne","Dry","23:43:00","[""Unknown"",""None Used""]","Clear",0,33.78648348,-84.37823946,"None","None","[""Motor Vehicle in Motion"",""Motor Vehicle in Motion""]","[""Changed Lanes Improperly"",""Other Unit Contributed to Crash""]","[""Pedestrian"",""Pedal-Cycle""]"
0,0,"Atlanta Police Department","11/09/2025","Lakewood Ave Se and Shadydale Ave Se","(C) Possible Injury / Complaint","Dark-Lighted","On Roadway - Non-Intersection","Not a Collision with Motor Vehicle","Shadydale Ave Se","Dry","20:11:00","[""Unknown"",""Unknown""]","Clear",0,33.70210991,-84.38512506,"None","None","[""Motor Vehicle in Motion"",""Pedal-Cycle""]","[""Other Unit Contributed to Crash"",""Wrong Side of Road""]","[""Motor Vehicle in Motion"",""Pedal-Cycle""]"
0,0,"Atlanta Police Department","11/09/2025","Peachtree St Ne and Andrew Young International Blvd Ne","(O) No Injury","Daylight","On Roadway - Roadway Intersection","Not a Collision with Motor Vehicle","Andrew Young International Blvd Ne","Dry","16:56:00","[""Unknown"",""Unknown""]","Clear",0,33.75970762,-84.38749007,"None","None","[""Other Non-Collision"",""Other Non-Collision""]","[""Failure to Yield"",""Other Exterior Distraction (Distracted)""]","[""Pedal-Cycle"",""Motor Vehicle in Motion""]"
0,0,"Atlanta Police Department","11/13/2025","Piedmont Rd Ne and Lakeshore Dr Ne","(C) Possible Injury / Complaint","Daylight","On Roadway - Driveway Intersection","Not a Collision with Motor Vehicle","Lakeshore Dr Ne","Dry","10:40:00","[""Lap and Shoulder Belt Used"",""None Used""]","Clear",0,33.81583803,-84.36661905,"None","None","[""Parked Motor Vehicle"",""Pedal-Cycle""]","[""Failure to Yield"",""Failure to Yield""]","[""Motor Vehicle in Motion"",""Pedal-Cycle""]"
0,1,"Atlanta Police Department","11/14/2025","12Th St Ne and W Peachtree St Nw","(B) Suspected Minor/Visible Injury","Dark-Lighted","Off Roadway - Sidewalk","Not a Collision with Motor Vehicle","W Peachtree St Nw","Dry","18:20:00","[""Unknown"",""Unknown""]","Clear",0,33.7849626,-84.38782082,"None","None","[""Motor Vehicle in Motion"",""Motor Vehicle in Motion""]","[""Failure to Yield"",""Other Unit Contributed to Crash""]","[""Pedal-Cycle"",""Motor Vehicle in Motion""]"
0,0,"Atlanta Police Department","11/14/2025","14Th St Ne and Crescent Ave Ne","(C) Possible Injury / Complaint","Daylight","On Roadway - In Crosswalk","Not a Collision with Motor Vehicle","Crescent Ave Ne","Dry","16:30:00","[""Unknown"",""Unknown""]","Clear",0,33.78665382,-84.38429781,"None","None","[""Motor Vehicle in Motion"",""Motor Vehicle in Motion""]","[""Failure to Yield"",""Other Unit Contributed to Crash""]","[""Motor Vehicle in Motion"",""Pedal-Cycle""]"
0,1,"Atlanta Police Department","11/14/2025","Thurmond St Nw and Northside Dr Nw","(B) Suspected Minor/Visible Injury","Daylight","On Roadway - Roadway Intersection","Not a Collision with Motor Vehicle","Thurmond St Nw","Dry","11:40:00","[""Lap and Shoulder Belt Used"",""None Used""]","Clear",0,33.76117358,-84.40274855,"None","None","[""Pedal-Cycle"",""Motor Vehicle in Motion""]","[""Other Unit Contributed to Crash"",""Disregard Other Traffic Control""]","[""Pedal-Cycle"",""Pedal-Cycle""]"
1,0,"Atlanta Police Department","11/15/2025","Joseph E Lowery Blvd Nw and Donald Lee Hollowell Pkwy Nw","(A) Suspected Serious Injury","Daylight","On Roadway - Roadway Intersection","Not a Collision with Motor Vehicle","Joseph E Lowery Blvd Nw","Dry","15:05:00","[""Lap and Shoulder Belt Used"",""Lap and Shoulder Belt Used""]","Clear",0,33.77304187,-84.41735596,"None","None","[""Pedal-Cycle"",""Pedal-Cycle""]","[""Failure to Yield"",""Other Unit Contributed to Crash""]","[""Pedal-Cycle"",""Pedal-Cycle""]"
0,0,"Atlanta Police Department","11/16/2025","16Th St Nw and Village St","(O) No Injury","Daylight","Off Roadway","Not a Collision with Motor Vehicle","Village St","Dry","14:30:00","[""Unknown"",""Unknown""]","Clear",0,33.7887903,-84.40272687,"None","None","[""Motor Vehicle in Motion"",""Other - Fixed Object""]","Wrong Side of Road","[""Motor Vehicle in Motion"",""Pedal-Cycle""]"
0,1,"Atlanta Police Department","11/16/2025","10Th St Ne and Crescent Ave Ne","(B) Suspected Minor/Visible Injury","Dark-Lighted","On Roadway - Non-Intersection","Not a Collision with Motor Vehicle","10Th St Ne","Dry","23:26:00","[""None Used"",""None Used"",""Lap and Shoulder Belt Used""]","Clear",0,33.78146649,-84.3864008,"None","None","[""Pedal-Cycle"",""Motor Vehicle in Motion""]","[""Failure to Yield"",""Other Unit Contributed to Crash""]","[""Pedal-Cycle"",""Motor Vehicle in Motion""]"
0,0,"Atlanta Police Department","11/17/2025","Westland Blvd Nw and Martin Luther King Jr Dr Sw","(K) Fatal Injury","Daylight","On Roadway - Roadway Intersection","Not a Collision with Motor Vehicle","Martin Luther King Jr Dr Sw","Dry","14:20:00","[""Lap and Shoulder Belt Used"",""None Used""]","Clear",1,33.75365414,-84.47295055,"None","None","[""Pedal-Cycle"",""Motor Vehicle in Motion""]","[""Exceeding Speed Limit"",""Reckless Driving"",""Disregard Stop Sign/Signal""]","[""Pedal-Cycle"",""Pedal-Cycle""]"
0,0,"Atlanta Police Department","11/18/2025","14Th St Ne and Juniper St Ne","(O) No Injury","Daylight","On Roadway - Bicycle Lane","Not a Collision with Motor Vehicle","14Th St Ne","Dry","08:55:00","[""Unknown"",""Unknown""]","Clear",0,33.78649011,-84.3817249,"None","None","[""Pedal-Cycle"",""Pedal-Cycle""]","Failure to Yield","[""Pedal-Cycle"",""Pedal-Cycle""]"
1,0,"Atlanta Police Department","11/19/2025","Hill St Se and Decatur St Se","(A) Suspected Serious Injury","Dark-Lighted","On Roadway - Roadway Intersection","Not a Collision with Motor Vehicle","Hill St Se","Dry","18:00:00","[""Unknown"",""Bicycle Helmet""]","Clear",0,33.74976942,-84.37951041,"None","None","[""Motor Vehicle in Motion"",""Pedal-Cycle""]","[""Failure to Yield"",""Other Unit Contributed to Crash""]","Pedal-Cycle"
0,0,"Atlanta Police Department","11/19/2025","Penn Ave Ne and Ponce De Leon Ave Ne","(C) Possible Injury / Complaint","Dark-Lighted","On Roadway - Bicycle Lane","Not a Collision with Motor Vehicle","Penn Ave Ne","Dry","17:44:00","[""Lap and Shoulder Belt Used"",""None Used""]","Clear",0,33.77258356,-84.37901664,"None","None","[""Motor Vehicle in Motion"",""Pedal-Cycle""]","Failure to Yield","[""Motor Vehicle in Motion"",""Pedal-Cycle""]"
0,0,"Atlanta Police Department","11/21/2025","Grant St Se and Memorial Dr Se","(C) Possible Injury / Complaint","Dark-Lighted","On Roadway - Driveway Intersection","Not a Collision with Motor Vehicle","Grant St Se","Dry","19:50:00","[""None Used"",""Lap and Shoulder Belt Used""]","Clear",0,33.74682044,-84.37666627,"None","None","[""Pedal-Cycle"",""Motor Vehicle in Motion""]","[""Failure to Yield"",""Other Unit Contributed to Crash""]","[""Pedal-Cycle"",""Motor Vehicle in Motion""]"
0,0,"Gsp Post 00","11/22/2025","State Street and 374 10Th St Nw","(C) Possible Injury / Complaint","Dark-Lighted","On Roadway - Roadway Intersection","Angle Crash","374 10Th St Nw","Dry","00:30:00","[""None Used"",""Lap and Shoulder Belt Used""]","Clear",0,33.78151157,-84.39902674,"None","None","[""Parked Motor Vehicle"",""Pedal-Cycle""]","[""Other Unit Contributed to Crash"",""Other Unit Contributed to Crash""]","[""Motor Vehicle in Motion"",""Other Non-Collision""]"
0,1,"Atlanta Police Department","11/23/2025","Trinity Ave Sw and Peachtree St Sw","(B) Suspected Minor/Visible Injury","Daylight","On Roadway - Non-Intersection","Not a Collision with Motor Vehicle","Peachtree St Sw","Dry","12:00:00","[""Unknown"",""Unknown""]","Clear",0,33.74891414,-84.39462248,"None","None","[""Motor Vehicle in Motion"",""Pedal-Cycle""]","[""Inattentive or Other Distraction (Distracted)"",""Other Unit Contributed to Crash""]","[""Motor Vehicle in Motion"",""Pedal-Cycle""]"
0,0,"Atlanta Police Department","11/23/2025","Pine St Ne and Peachtree St Ne","(C) Possible Injury / Complaint","Daylight","Off Roadway - Sidewalk","Not a Collision with Motor Vehicle","Peachtree St Ne","Dry","15:20:00","[""Lap and Shoulder Belt Used"",""Unknown""]","Clear",0,33.76705512,-84.38541226,"None","None","[""Motor Vehicle in Motion"",""Motor Vehicle in Motion""]","[""Other Unit Contributed to Crash"",""Failure to Yield""]","[""Motor Vehicle in Motion"",""Pedal-Cycle""]"
0,0,"Atlanta Police Department","11/25/2025","Loomis Ave Se and Memorial Dr Se","(C) Possible Injury / Complaint","Daylight","On Roadway - Roadway Intersection","Not a Collision with Motor Vehicle","Memorial Dr Se","Wet","17:00:00","[""Unknown"",""Bicycle Helmet""]","Rain",0,33.74674379,-84.37151173,"None","None","[""Pedal-Cycle"",""Motor Vehicle in Motion""]","[""Reckless Driving"",""Improper Passing""]","[""Pedestrian"",""Pedal-Cycle""]"
0,0,"Atlanta Police Department","11/26/2025","Fort St Ne and Memorial Dr Se","(C) Possible Injury / Complaint","Daylight","On Roadway - Roadway Intersection","Not a Collision with Motor Vehicle","Fort St Ne","Dry","14:00:00","[""Lap and Shoulder Belt Used"",""Lap and Shoulder Belt Used"",""Motorcycle Helmet""]","Clear",0,33.74683886,-84.37813036,"None","None","[""Motor Vehicle in Motion"",""Pedal-Cycle""]","[""Improper Turn"",""Other Unit Contributed to Crash""]","[""Motor Vehicle in Motion"",""Pedal-Cycle""]"
0,0,"Atlanta Police Department","11/27/2025","Lee St Sw and Ralph David Abernathy Blvd Sw","(C) Possible Injury / Complaint","Daylight","On Roadway - Collector Distributor (CD)","Not a Collision with Motor Vehicle","Ralph David Abernathy Blvd Sw","Dry","14:50:00","[""Unknown"",""Unknown""]","Clear",0,33.73824581,-84.41408486,"None","None","[""Motor Vehicle in Motion"",""Motor Vehicle in Motion""]","[""Improper Turn"",""Other Unit Contributed to Crash""]","[""Motor Vehicle in Motion"",""Pedal-Cycle""]"
0,1,"Atlanta Police Department","11/27/2025","Pryor Rd Sw and Manford Rd Sw","(B) Suspected Minor/Visible Injury","Dark-Lighted","On Roadway - Non-Intersection","Not a Collision with Motor Vehicle","Pryor Rd Sw","Dry","19:05:00","[""Unknown"",""Bicycle Helmet""]","Clear",0,33.7186586,-84.39341523,"None","None","[""Motor Vehicle in Motion"",""Pedal-Cycle""]","Other Unit Contributed to Crash","[""Motor Vehicle in Motion"",""Pedal-Cycle""]"
0,1,"Atlanta Police Department","11/28/2025","Pryor Rd Sw and University Ave Sw","(B) Suspected Minor/Visible Injury","Dark-Lighted","On Roadway - In Crosswalk","Not a Collision with Motor Vehicle","University Ave Sw","Dry","18:00:00","[""Unknown"",""Unknown""]","Clear",0,33.72213118,-84.39382527,"None","None","[""Motor Vehicle in Motion"",""Motor Vehicle in Motion""]","[""Failure to Yield"",""Other Unit Contributed to Crash""]","[""Pedal-Cycle"",""Pedal-Cycle""]"
0,1,"Atlanta Police Department","12/04/2025","Fulton St Sw and Pollard Blvd Sw","(B) Suspected Minor/Visible Injury","Daylight","On Roadway - Non-Intersection","Not a Collision with Motor Vehicle","Pollard Blvd Sw","Dry","08:25:00","[""Unknown"",""Bicycle Helmet""]","Clear",0,33.74079064,-84.39086741,"None","None","[""Motor Vehicle in Motion"",""Pedal-Cycle""]","[""Inattentive or Other Distraction (Distracted)"",""Following Too Close"",""Other Unit Contributed to Crash""]","[""Motor Vehicle in Motion"",""Pedal-Cycle""]"
0,0,"Atlanta Police Department","12/04/2025","Walnut St Nw and Joseph E Boone Blvd Nw","(O) No Injury","Dark-Lighted","On Roadway - In Crosswalk","Not a Collision with Motor Vehicle","Joseph E Boone Blvd Nw","Dry","19:10:00","[""None Used"",""None Used"",""Unknown""]","Clear",0,33.76344145,-84.40632679,"None","None","[""Motor Vehicle in Motion"",""Motor Vehicle in Motion""]","Disregard Other Traffic Control","[""Motor Vehicle in Motion"",""Pedal-Cycle""]"
0,0,"Atlanta Police Department","12/09/2025","Baker St Nw and Peachtree St Ne","(O) No Injury","Daylight","On Roadway - In Crosswalk","Not a Collision with Motor Vehicle","Baker St Nw","Dry","09:00:00","[""Unknown"",""Unknown""]","Clear",0,33.76226021,-84.38810952,"None","None","[""Motor Vehicle in Motion"",""Motor Vehicle in Motion""]","Other Unit Contributed to Crash","[""Motor Vehicle in Motion"",""Pedal-Cycle""]"
0,0,"Atlanta Police Department","12/10/2025","Spring St Nw and North Ave Nw","(C) Possible Injury / Complaint","Daylight","On Roadway - In Crosswalk","Not a Collision with Motor Vehicle","North Ave Nw","Dry","11:39:00","[""Lap and Shoulder Belt Used"",""None Used""]","Clear",0,33.77123896,-84.38881287,"None","None","[""Pedal-Cycle"",""Motor Vehicle in Motion""]","Failure to Yield","[""Motor Vehicle in Motion"",""Pedal-Cycle""]"
0,0,"Atlanta Police Department","12/12/2025","14Th St Nw and Hemphill Ave Nw","(C) Possible Injury / Complaint","Dark-Lighted","On Roadway - Driveway Intersection","Not a Collision with Motor Vehicle","Hemphill Ave Nw","Dry","19:30:00","[""Lap and Shoulder Belt Used"",""Unknown""]","Clear",0,33.78595916,-84.40681752,"None","None","[""Motor Vehicle in Motion"",""Motor Vehicle in Motion""]","[""Other Unit Contributed to Crash"",""Improper Turn""]","[""Motor Vehicle in Motion"",""Pedal-Cycle""]"
0,0,"Atlanta Police Department","12/17/2025","Wallace St Nw and Marietta St Nw","(C) Possible Injury / Complaint","Daylight","On Roadway - In Crosswalk","Not a Collision with Motor Vehicle","Wallace St Nw","Dry","10:12:00","[""Unknown"",""Unknown""]","Clear",0,33.77227093,-84.40153828,"None","None","[""Motor Vehicle in Motion"",""Motor Vehicle in Motion""]","Other Unit Contributed to Crash","[""Pedal-Cycle"",""Motor Vehicle in Motion""]"
1,0,"Atlanta Police Department","12/19/2025","Hightower Rd and Martin Luther King Jr Dr Sw","(A) Suspected Serious Injury","Dark-Lighted","On Roadway - Roadway Intersection","Not a Collision with Motor Vehicle","Hightower Rd","Dry","22:10:00","[""Lap and Shoulder Belt Used"",""None Used""]","Clear",0,33.75190104,-84.46747651,"None","None","[""Motor Vehicle in Motion"",""Motor Vehicle in Motion""]","Disregard Other Traffic Control","[""Motor Vehicle in Motion"",""Pedal-Cycle""]"
0,1,"Atlanta Police Department","12/20/2025","Augusta Ave Se and Cherokee Ave Se","(B) Suspected Minor/Visible Injury","Daylight","On Roadway - Roadway Intersection","Not a Collision with Motor Vehicle","Cherokee Ave Se","Dry","14:45:00","[""Unknown"",""Bicycle Helmet""]","Clear",0,33.73391757,-84.37364551,"None","None","[""Motor Vehicle in Motion"",""Motor Vehicle in Motion""]","[""Improper Turn"",""Other Unit Contributed to Crash""]","[""Motor Vehicle in Motion"",""Pedal-Cycle""]"
0,0,"Atlanta Police Department","12/20/2025","I-20 W and Boulevard Se","(C) Possible Injury / Complaint","Dark-Lighted","On Roadway - In Crosswalk","Not a Collision with Motor Vehicle","Boulevard Se","Dry","00:30:00","None Used","Clear",0,33.74390811,-84.36813792,"None","None","[""Pedal-Cycle"",""Motor Vehicle in Motion""]","[""Disregard Other Traffic Control"",""Other Unit Contributed to Crash""]","[""Pedal-Cycle"",""Pedal-Cycle""]"
0,0,"Atlanta Police Department","12/22/2025","Peachtree Rd Ne and Peachtree Battle Ave Nw","(C) Possible Injury / Complaint","Dark-Lighted","On Roadway - In Crosswalk","Not a Collision with Motor Vehicle","Peachtree Rd Ne","Dry","22:05:00","[""Unknown"",""Unknown""]","Clear",0,33.81952001,-84.38853478,"None","None","[""Motor Vehicle in Motion"",""Pedal-Cycle""]","[""Failure to Yield"",""Other Unit Contributed to Crash""]","[""Motor Vehicle in Motion"",""Pedal-Cycle""]"
0,0,"Atlanta Police Department","12/23/2025","Piedmont Rd Ne and Peachtree Rd Ne","(O) No Injury","Daylight","On Roadway - Driveway Intersection","Not a Collision with Motor Vehicle","Peachtree Rd Ne","Dry","16:30:00","[""Lap and Shoulder Belt Used"",""None Used""]","Clear",0,33.84373056,-84.37136326,"None","None","[""Motor Vehicle in Motion"",""Motor Vehicle in Motion""]","Reaction to Object or Animal","[""Tree"",""Pedal-Cycle""]"
0,1,"Atlanta Police Department","12/23/2025","4Th St Ne and Durant Pl Ne","(B) Suspected Minor/Visible Injury","Daylight","On Roadway - Roadway Intersection","Not a Collision with Motor Vehicle","Durant Pl Ne","Dry","15:47:00","Unknown","Clear",0,33.77444872,-84.37586216,"None","None","[""Pedal-Cycle"",""Motor Vehicle in Motion""]","[""Following Too Close"",""Other Unit Contributed to Crash""]","[""Pedal-Cycle"",""Pedal-Cycle""]"
0,0,"Atlanta Police Department","12/24/2025","Lenox Rd Ne and Cheshire Bridge Rd Ne","(O) No Injury","Daylight","On Roadway - Non-Intersection","Not a Collision with Motor Vehicle","Cheshire Bridge Rd Ne","Dry","15:31:00","[""Unknown"",""Unknown""]","Clear",0,33.81686052,-84.35220824,"None","None","[""Pedal-Cycle"",""Motor Vehicle in Motion""]","[""Other Unit Contributed to Crash"",""Failure to Yield""]","[""Pedal-Cycle"",""Pedal-Cycle""]"
1,0,"Atlanta Police Department","12/25/2025","Joseph E Lowery Blvd Nw and Donald Lee Hollowell Pkwy Nw","(A) Suspected Serious Injury","Daylight","On Roadway - Non-Intersection","Not a Collision with Motor Vehicle","Donald Lee Hollowell Pkwy Nw","Dry","14:28:00","[""Unknown"",""Unknown""]","Clear",0,33.77304187,-84.41735596,"None","None","[""Pedal-Cycle"",""Pedal-Cycle""]","Other Unit Contributed to Crash","[""Pedal-Cycle"",""Pedal-Cycle""]"
0,0,"Atlanta Police Department","12/30/2025","10Th St Nw and Williams St Nw","(C) Possible Injury / Complaint","Daylight","On Roadway - In Crosswalk","Not a Collision with Motor Vehicle","10Th St Nw","Dry","09:20:00","[""Lap and Shoulder Belt Used"",""None Used""]","Clear",0,33.78152066,-84.39057973,"None","None","[""Motor Vehicle in Motion"",""Motor Vehicle in Motion""]","Inattentive or Other Distraction (Distracted)","[""Pedal-Cycle"",""Pedal-Cycle""]"